Workbook

Sheet P2 - 2026 delet
Q2: P2 2025 Planned Offline Mogas Production (KBD)
B3: Sum of Capacity Offline for Area Chart (KBD) | C3: Column Labels | R3: Column Labels
B4: Row Labels | C4: Jan | D4: Feb | E4: Mar | F4: Apr | G4: May | H4: Jun | I4: Sep | J4: Oct | K4: Nov | L4: Dec | M4: Grand Total | Q4: Row Labels | R4: Jan | S4: Feb | T4: Mar | U4: Apr | V4: May | W4: Jun | X4: Jul | Y4: Aug | Z4: Sep | AA4: Oct | AB4: Nov | AC4: Dec | AD4: 1Q25 Total | AE4: Aug-Nov Avg
B5: Chalmette Refining LLC | C5: 220.76 | D5: 77.745714 | L5: 24.768571 | M5: 323.27429
B6: Chalmette Refinery | C6: 220.76 | D6: 77.745714 | L6: 24.768571 | M6: 323.27429
B7: Chevron Corporation | F7: 43.2 | G7: 86.4 | H7: 43.2 | M7: 172.8
B8: Pasadena Refinery | F8: 43.2 | G8: 86.4 | H8: 43.2 | M8: 172.8
B9: CITGO Petroleum Corporation | C9: 19.942857 | D9: 267.2 | E9: 392.14 | F9: 97.8 | I9: 180.51429 | J9: 187.2 | K9: 33.428571 | M9: 1178.2257
B10: Corpus Christi Refinery - West (CITGO) | E10: 83.785714 | F10: 69.214286 | M10: 153
B11: Corpus Christi Refinery-East | E11: 194.38286 | F11: 28.585714 | M11: 222.96857
B12: Lake Charles Refinery (CITGO) | C12: 19.942857 | D12: 267.2 | E12: 113.97143 | I12: 180.51429 | J12: 187.2 | K12: 33.428571 | M12: 802.25714
B13: Deer Park Refining LP | I13: 27.867857 | J13: 156.06 | K13: 11.147143 | M13: 195.075
B14: Deer Park Refinery | I14: 27.867857 | J14: 156.06 | K14: 11.147143 | M14: 195.075
B15: Delek US Holdings | J15: 115.32857 | K15: 76.885714 | M15: 192.21429
B16: Krotz Springs Refinery | J16: 115.32857 | K16: 76.885714 | M16: 192.21429
B17: ExxonMobil Corporation | C17: 433.67857 | D17: 413.73571 | L17: 18.228571 | M17: 865.64286
B18: Baton Rouge Refinery | C18: 255.2 | D18: 45.571429 | L18: 18.228571 | M18: 319
B19: Baytown Refinery | C19: 159.19286 | D19: 117.66429 | M19: 276.85714
B20: Beaumont Refinery | C20: 19.285714 | D20: 250.5 | M20: 269.78571
B21: Flint Hills Resources LLC | C21: 155.81429 | D21: 155.81429 | I21: 91.142857 | J21: 68.357143 | M21: 471.12857 | AF21: Padd 2
B22: Corpus Christi Refinery - East | I22: 91.142857 | J22: 68.357143 | M22: 159.5 | AG22: 2024 | AH22: 2025 | AI22: 2026
B23: Corpus Christi Refinery - West (Flint Hills) | C23: 155.81429 | D23: 155.81429 | M23: 311.62857 | AF23: Jan | AH23: 8.6370968
B24: Marathon Petroleum Corporation | C24: 160.82857 | D24: 49.485714 | M24: 210.31429 | Q24: 2026 | W24: 97.516889 | X24: 84.983871 | Y24: 119.15488 | Z24: 231.42722 | AA24: 165.62493 | AB24: 76.768333 | AC24: 30 | AF24: Feb | AG24: 13.6 | AH24: 36.455357 | AI24: 40.346429
B25: Texas City Refinery (Bay Plant) | C25: 160.82857 | D25: 49.485714 | M25: 210.31429 | Q25: 2025 | W25: 36.5 | X25: 131.6 | Y25: 97 | Z25: 203 | AA25: 280.8 | AB25: 132 | AC25: 2 | AF25: Mar | AG25: 134.09944 | AH25: 280.16213 | AI25: 89.583065
B26: Phillips 66 | D26: 9 | E26: 157.5 | F26: 22.5 | I26: 76.56 | J26: 107.184 | K26: 45.936 | M26: 418.68 | AF26: Apr | AG26: 343.47233 | AH26: 383.5415 | AI26: 82.446667
B27: Lake Charles Refinery (Phillips 66) | I27: 76.56 | J27: 107.184 | K27: 45.936 | M27: 229.68 | AF27: May | AG27: 148.09726 | AH27: 110.88065 | AI27: 12.084677
B28: Sweeny Refinery | D28: 9 | E28: 157.5 | F28: 22.5 | M28: 189 | AF28: Jun | AH28: 45.25
B29: Valero Refining Company | C29: 374.16 | D29: 319.51714 | E29: 51.04 | I29: 19.794286 | J29: 277.12 | K29: 98.971429 | L29: 26.725714 | M29: 1167.3286 | AF29: Jul | AG29: 3.9166667 | AH29: 36.193548
B30: McKee Refinery | I30: 19.794286 | J30: 277.12 | K30: 98.971429 | M30: 395.88571 | AF30: Aug | AG30: 0 | AH30: 42.25
B31: Port Arthur Refinery (Valero) | C31: 170 | D31: 115.35714 | L31: 12.142857 | M31: 297.5 | AF31: Sep | AG31: 212.34333 | AH31: 205.09833 | AI31: 53.958333
B32: Texas City Refinery | C32: 204.16 | D32: 204.16 | E32: 51.04 | L32: 14.582857 | M32: 473.94286 | AF32: Oct | AG32: 347.76452 | AH32: 110.39919 | AI32: 64.75
B33: Vertex Energy | I33: 3.2785714 | J33: 45.9 | K33: 8.1964286 | M33: 57.375 | R33: 347.18258 | S33: 441.12196 | T33: 724.38673 | U33: 672.1815 | V33: 233.31655 | W33: 75.509167 | X33: 52.535484 | Y33: 44.824194 | Z33: 490.20733 | AA33: 605.17758 | AB33: 201.02667 | AC33: 96.526129 | AF33: Nov | AG33: 43.561667 | AH33: 10.768333
B34: Mobile Refinery (Vertex) | I34: 3.2785714 | J34: 45.9 | K34: 8.1964286 | M34: 57.375 | Q34: Mobile Refinery (Vertex) | X34: 0 | Y34: 0
O35: ‘25, 24, '22 & '23 Planned & Unplanned | Q35: 2026 Plan + Unplanned | W35: =W42+W51 -> -3.4104444 | X35: =X42+X51 -> 84.983871 | Y35: =Y42+Y51 -> 101.91133 | Z35: =Z42+Z51 -> 216.295 | AA35: =AA42+AA51 -> 128.79186 | AB35: =AB42+AB51 -> 76.768333 | AC35: =AC42+AC51 -> 30 | AE35: =AVERAGE(W35:AC35) -> 90.76285
Q36: 2025 Outages | X36: 131.6 | Y36: 97 | Z36: 203 | AA36: 280.8 | AB36: 132 | AC36: 2 | AE36: =AVERAGE(W36:AC36) -> 141.06667
Q37: vs 2026 | R37: =(R$35-R36)/R36 -> #DIV/0! | S37: =(S$35-S36)/S36 -> #DIV/0! | T37: =(T$35-T36)/T36 -> #DIV/0! | U37: =(U$35-U36)/U36 -> #DIV/0! | V37: =(V$35-V36)/V36 -> #DIV/0! | W37: =(W$35-W36)/W36 -> #DIV/0! | X37: =(X$35-X36)/X36 -> -0.3542259 | Y37: =(Y$35-Y36)/Y36 -> 0.050632229 | ... AC37: =(AC$35-AC36)/AC36 -> 14 | AE37: =(AE$35-AE36)/AE36 -> -0.35659606
Q38: 2024 Outages | X38: 36.5 | Y38: 131.6 | Z38: 97 | AA38: 203 | AB38: 280.8 | AC38: 132 | AD38: 2 | AE38: =AVERAGE(W38:AC38) -> 146.81667
Q39: vs 2026 | R39: =(R35-R38)/R38 -> #DIV/0! | S39: =(S35-S38)/S38 -> #DIV/0! | T39: =(T35-T38)/T38 -> #DIV/0! | U39: =(U35-U38)/U38 -> #DIV/0! | V39: =(V35-V38)/V38 -> #DIV/0! | W39: =(W$35-W38)/W38 -> #DIV/0! | X39: =(X35-X38)/X38 -> 1.3283252 | Y39: =(Y35-Y38)/Y38 -> -0.22559783 | Z39: =(Z35-Z38)/Z38 -> 1.2298454 | AA39: =(AA35-AA38)/AA38 -> -0.36555733 | AB39: =(AB35-AB38)/AB38 -> -0.7266085 | AC39: =(AC35-AC38)/AC38 -> -0.77272727 | AD39: =(#REF!-AD38)/AD38 -> #REF! | AE39: =(AE35-AE38)/AE38 -> -0.38179464
B40: 2026 | Q40: 2023 Outages | R40: 290.55307 | S40: 234.397 | T40: 282.96883 | U40: 366 | V40: 207.17533 | W40: 86.418667 | X40: 74.094 | Y40: 22.667667 | Z40: 242.75643 | AA40: 308.8098 | AB40: 71.48 | AC40: 15 | AD40: =AVERAGE(R40:AC40) -> 183.52673 | AE40: =AVERAGE(W40:AC40) -> 117.31808
B41: Sum of Gasoline Production Offline (KBD) | C41: Column Labels | Q41: vs 2026 | R41: =(R35-R40)/R40 -> -1 | S41: =(S35-S40)/S40 -> -1 | T41: =(T35-T40)/T40 -> -1 | U41: =(U35-U40)/U40 -> -1 | V41: =(V35-V40)/V40 -> -1 | W41: =(W35-W40)/W40 -> -1.0394642 | X41: =(X35-X40)/X40 -> 0.14697372 | Y41: =(Y35-Y40)/Y40 -> 3.4958896 | ... AC41: =(AC35-AC40)/AC40 -> 1 | AD41: =(#REF!-AD40)/AD40 -> #REF! | AE41: =(AE35-AE40)/AE40 -> -0.22635242
C42: Jan | D42: Feb | E42: Mar | F42: Apr | G42: May | H42: Jun | I42: Sep | J42: Oct | K42: Nov | L42: Grand Total | O42: ‘25 Planned vs'24, '23 & '22 Planned ONLY | Q42: 2026 Plan | R42: 0 | S42: 40.346429 | T42: 89.583065 | U42: 82.446667 | V42: 12.084677 | W42: 0 | X42: 29.983871 | Y42: 53 | Z42: 198.015 | AA42: 99.915323 | AB42: 10.768333 | AC42: 0 | AD42: =(R42*(31/90))+(S42*(28/90))+(T42*(31/90)) -> 43.408611 | AE42: =AVERAGE(W42:AC42) -> 55.954647 | AG42: =(AE42-AE45)*30*4 -> -2535.0235 | AH42: =AE42-148 -> -92.045353
B43: Row Labels | Q43: 2025 Outages | R43: 0 | S43: 13.6 | T43: 135.14944 | U43: 343.64733 | V43: 148.09726 | W43: 0 | X43: 4.0733333 | Y43: 6.9193548 | Z43: 199.59333 | AA43: 280.56452 | AB43: 44.496667 | AC43: 0 | AD43: =(R43*(31/90))+(S43*(28/90))+(T43*(31/90)) -> 50.782585 | AE43: =AVERAGE(W43:AC43) -> 76.521029
B44: 1 | F44: 32.3 | L44: 32.3 | Q44: vs 2026 | R44: =IFERROR((R42-R43)/R43,"") | S44: =IFERROR((S42-S43)/S43,"") -> 1.9666492 | T44: =IFERROR((T42-T43)/T43,"") -> -0.33715549 | U44: =IFERROR((U42-U43)/U43,"") -> -0.7600835 | V44: =IFERROR((V42-V43)/V43,"") -> -0.9184004 | W44: =IFERROR((W42-W43)/W43,"") | X44: =IFERROR((X42-X43)/X43,"") -> 6.3610158 | Y44: =IFERROR((Y42-Y43)/Y43,"") -> 6.6596737 | ... AC44: =IFERROR((AC42-AC43)/AC43,"") | AD44: =(AD42-AD43)/AD43 -> -0.14520675 | AE44: =(AE42-AE43)/AE43 -> -0.26876772
B45: Trainer Refinery | F45: 32.3 | L45: 32.3 | Q45: 2024 Outages | R45: 100.92567 | S45: 91.353667 | T45: 131.6945 | U45: 199.056 | V45: 55.635333 | W45: 0 | X45: 12.474667 | Y45: 0 | Z45: 224.61643 | AA45: 270.88113 | AB45: 31.586667 | AC45: 0 | AD45: =(R45*(31/90))+(S45*(28/90))+(T45*(31/90)) -> 108.54586 | AE45: =AVERAGE(W45:AC45) -> 77.079843
B46: 2 | D46: 40.346429 | E46: 89.583065 | F46: 82.446667 | G46: 12.084677 | I46: 53.958333 | J46: 64.75 | L46: 343.16917 | Q46: vs 2026 | R46: =(R42-R45)/R45 -> -1 | S46: =(S42-S45)/S45 -> -0.55834911 | T46: =(T42-T45)/T45 -> -0.31976609 | U46: =(U42-U45)/U45 -> -0.5858117 | V46: =(V42-V45)/V45 -> -0.78278772 | X46: =(X42-X45)/X45 -> 1.4035809 | Z46: =(Z42-Z45)/Z45 -> -0.11843049 | AA46: =(AA42-AA45)/AA45 -> -0.63114699 | AB46: =(AB42-AB45)/AB45 -> -0.65908611 | AD46: =(AD42-AD45)/AD45 -> -0.60008968 | AE46: =(AE42-AE45)/AE45 -> -0.27406901
B47: El Dorado Refinery (HF Sinclair) | E47: 18.290323 | F47: 40.5 | L47: 58.790323 | Q47: 2023 Outages | R47: 0 | S47: 9.83 | T47: 153.454 | U47: 122.558 | V47: 102.25187 | W47: 96.65 | X47: 111.17683 | Y47: 97.614333 | Z47: 63.706667 | AA47: 154.53453 | AB47: 69.530333 | AC47: 0.66 | AD47: =(R47*(31/90))+(S47*(28/90))+(T47*(31/90)) -> 55.9146 | AE47: =AVERAGE(W47:AC47) -> 84.838957
B48: Lemont Refinery | E48: 0 | F48: 0 | G48: 0 | L48: 0 | Q48: vs 2026 | S48: =(S42-S47)/S47 -> 3.104418 | T48: =(T42-T47)/T47 -> -0.41622203 | U48: =(U42-U47)/U47 -> -0.3272845 | V48: =(V42-V47)/V47 -> -0.8818146 | W48: =(W42-W47)/W47 -> -1 | X48: =(X42-X47)/X47 -> -0.73030469 | Y48: =(Y42-Y47)/Y47 -> -0.45704695 | Z48: =(Z42-Z47)/Z47 -> 2.1082304 | ... AE48: =(AE42-AE47)/AE47 -> -0.34046046
B49: Robinson Refinery | E49: 25.512097 | F49: 41.625 | G49: 12.084677 | L49: 79.221774
B50: Toledo Refinery (PBF) | D50: 40.346429 | E50: 36.441935 | L50: 76.788364 | AE50: =AVERAGE(W51:AC51) -> 34.808203
B51: VALERO - MEMPHIS | E51: 9.3387097 | F51: 0.32166667 | L51: 9.6603763 | Q51: 2025 Unplanned Outages Estimate | W51: =AVERAGE(W52:W54) -> -3.4104444 | X51: 55 | Y51: =AVERAGE(Y52:Y54) -> 48.911326 | Z51: =AVERAGE(Z52:Z54) -> 18.28 | AA51: =AVERAGE(AA52:AA54) -> 28.876539 | AB51: 66 | AC51: 30 | AE51: =AVERAGE(W52:AC52) -> 44.393257
B52: Whiting Refinery | I52: 53.958333 | J52: 64.75 | L52: 118.70833 | Q52: 2024 Unplanned Outages | W52: =W36-W43 -> 0 | X52: =X36-X43 -> 127.52667 | Y52: =Y36-Y43 -> 90.080645 | Z52: =Z36-Z43 -> 3.4066667 | AA52: =AA36-AA43 -> 0.23548387 | AB52: =AB36-AB43 -> 87.503333 | AC52: =AC36-AC43 -> 2 | AD52: =AD36-AD43 -> -50.782585 | AE52: =AVERAGE(W53:AC53) -> 48.763014
Q53: 2023 Unplanned Outages | R53: =R38-R45 -> -100.92567 | S53: =S38-S45 -> -91.353667 | T53: =T38-T45 -> -131.6945 | U53: =U38-U45 -> -199.056 | V53: =V38-V45 -> -55.635333 | W53: =W38-W45 -> 0 | X53: =X38-X45 -> 24.025333 | Y53: =Y38-Y45 -> 131.6 | ... AC53: =AC38-AC45 -> 132 | AD53: =AVERAGE(R53:AC53) -> -19.777006 | AE53: =AVERAGE(W54:AC54) -> 32.479124
Q54: 2022 Unplanned Outages | R54: =R40-R47 -> 290.55307 | S54: =S40-S47 -> 224.567 | T54: =T40-T47 -> 129.51483 | U54: =U40-U47 -> 243.442 | V54: =V40-V47 -> 104.92347 | W54: =W40-W47 -> -10.231333 | X54: =X40-X47 -> -37.082833 | Y54: =Y40-Y47 -> -74.946667 | ... AC54: =AC40-AC47 -> 14.34 | AD54: =AVERAGE(R54:AC54) -> 101.69619
X57: =W35-X35 -> -88.394315 | Y57: =X35-Y35 -> -16.927455 | Z57: =Y35-Z35 -> -114.38367 | AA57: =Z35-AA35 -> 87.503138 | AB57: =AA35-AB35 -> 52.023528 | AC57: =AB35-AC35 -> 46.768333
Z59: =Z36-Z35 -> -13.295 | AA59: =AA36-AA35 -> 152.00814 | AB59: =AB36-AB35 -> 55.231667 | AC59: =AC36-AC35 -> -28 | AD59: =AD36-AD35 -> 0
Z60: =Z38-Z35 -> -119.295 | AA60: =AA38-AA35 -> 74.208138 | AB60: =AB38-AB35 -> 204.03167 | AC60: =AC38-AC35 -> 102 | AD60: =AD38-AD35 -> 2

Sheet P1 - 2026
B2: 46023 | C2: 46054 | D2: 46082 | E2: 46113 | F2: 46143 | G2: 46174 | H2: 46204 | I2: 46235 | J2: 46266 | K2: 46296 | L2: 46327 | M2: 46357
A3: 2026 Enhanced Golden Record | B3: =IFERROR(VLOOKUP(B2,'[1]PADD 1 Query'!$G:$M,7,FALSE),"") -> 8.853 | C3: =IFERROR(VLOOKUP(C2,'[1]PADD 1 Query'!$G:$M,7,FALSE),"") -> 2.1175 | D3: =IFERROR(VLOOKUP(D2,'[1]PADD 1 Query'!$G:$M,7,FALSE),"") -> 7.4293 | E3: =IFERROR(VLOOKUP(E2,'[1]PADD 1 Query'!$G:$M,7,FALSE),"") -> 1.87 | F3: =IFERROR(VLOOKUP(F2,'[1]PADD 1 Query'!$G:$M,7,FALSE),"") -> 5.395 | G3: =IFERROR(VLOOKUP(G2,'[1]PADD 1 Query'!$G:$M,7,FALSE),"") -> 37.726 | H3: =IFERROR(VLOOKUP(H2,'[1]PADD 1 Query'!$G:$M,7,FALSE),"") -> 0.5984 | I3: =IFERROR(VLOOKUP(I2,'[1]PADD 1 Query'!$G:$M,7,FALSE),"") | ... K3: =IFERROR(VLOOKUP(K2,'[1]PADD 1 Query'!$G:$M,7,FALSE),"") -> 13.09 | L3: =IFERROR(VLOOKUP(L2,'[1]PADD 1 Query'!$G:$M,7,FALSE),0) -> 0 | M3: =IFERROR(VLOOKUP(M2,'[1]PADD 1 Query'!$G:$M,7,FALSE),"")
A4: 46192 | B4: 8.853 | C4: 2.1175 | D4: 7.4293 | E4: 1.87 | F4: 5.395 | G4: 0.6171 | J4: 9.0475 | K4: 13.09 | L4: 0
A5: 2026 Offline Outage file | B5: 0 | C5: 0 | E5: 0 | K5: 7.975 | L5: 27.5 | M5: 12.375
A6: m/m | C6: =B3-C3 -> 6.7355 | D6: =C3-D3 -> -5.3118 | E6: =D3-E3 -> 5.5593 | F6: =E3-F3 -> -3.525 | G6: =F3-G3 -> -32.331 | H6: =G3-H3 -> 37.1276 | I6: =H3-I3 -> #VALUE! | J6: =I3-J3 -> #VALUE! | ... L6: =K3-L3 -> 13.09
A7: changes vs previous | B7: =B4-B3 -> 0 | C7: =C4-C3 -> 0 | D7: =D4-D3 -> 0 | E7: =E4-E3 -> 0 | F7: =F4-F3 -> 0 | G7: =G4-G3 -> -37.1089 | H7: =H4-H3 -> #VALUE! | I7: =I4-I3 -> #VALUE! | ... M7: =M4-M3 -> #VALUE!

Sheet P2 - 2026 
M2: 2025 Offline Mogas Production (KBD)
B3: Sum of Capacity Offline for Area Chart (KBD) | C3: Column Labels | N3: Column Labels
M4: Row Labels | N4: Jan | O4: Feb | P4: Mar | Q4: Apr | R4: May | S4: Jun | T4: Jul | U4: Aug | V4: Sep | W4: Oct | X4: Nov | Y4: Dec | Z4: Total | AA4: 1H26 Avg | AB4: 2H25 Avg
AF15: jan | AG15: feb | AH15: mar | AI15: apr | AJ15: may | AK15: jun | AL15: jul
AE16: 2025 | AF16: -47.430484 | AG16: -99.6125 | AH16: -210.36194 | AI16: -371.07308 | AJ16: -244.73323 | AK16: -45.521333 | AL16: -38.177742
AF17: =-1*AF16 -> 47.430484 | AG17: =-1*AG16 -> 99.6125 | AH17: =-1*AH16 -> 210.36194 | AI17: =-1*AI16 -> 371.07308 | AJ17: =-1*AJ16 -> 244.73323 | AK17: =-1*AK16 -> 45.521333 | AL17: =-1*AL16 -> 38.177742
AE18: 2024 | AF18: -4.483871 | AG18: -280.5819 | AH18: -110.81613 | AI18: -276.655 | AJ18: -126.35806
AF19: =-1*AF18 -> 4.483871 | AG19: =-1*AG18 -> 280.5819 | AH19: =-1*AH18 -> 110.81613 | AI19: =-1*AI18 -> 276.655 | AJ19: =-1*AJ18 -> 126.35806
N25: 46388 | O25: 46419 | P25: 46447 | Q25: 46478 | R25: 46508 | S25: 46539 | T25: 46569 | U25: 46600 | V25: 46631 | W25: 46661 | X25: 46692 | Y25: 46722
M26: 2027 Planned outages | N26: =IFERROR(VLOOKUP(N25,'[1]PADD 2 Planned'!$G:$M,7,FALSE),0) -> 0 | O26: =IFERROR(VLOOKUP(O25,'[1]PADD 2 Planned'!$G:$M,7,FALSE),0) -> 41.276 | P26: =IFERROR(VLOOKUP(P25,'[1]PADD 2 Planned'!$G:$M,7,FALSE),0) -> 88.6255 | Q26: =IFERROR(VLOOKUP(Q25,'[1]PADD 2 Planned'!$G:$M,7,FALSE),0) -> 160.57175 | R26: =IFERROR(VLOOKUP(R25,'[1]PADD 2 Planned'!$G:$M,7,FALSE),0) -> 106.838 | S26: =IFERROR(VLOOKUP(S25,'[1]PADD 2 Planned'!$G:$M,7,FALSE),0) -> 0 | T26: =IFERROR(VLOOKUP(T25,'[1]PADD 2 Planned'!$G:$M,7,FALSE),0) -> 0 | U26: =IFERROR(VLOOKUP(U25,'[1]PADD 2 Planned'!$G:$M,7,FALSE),0) -> 0 | ... Y26: =IFERROR(VLOOKUP(Y25,'[1]PADD 2 Planned'!$G:$M,7,FALSE),0) -> 0
N28: 46023 | O28: 46054 | P28: 46082 | Q28: 46113 | R28: 46143 | S28: 46174 | T28: 46204 | U28: 46235 | V28: 46266 | W28: 46296 | X28: 46327 | Y28: 46357
M29: 2026 Enhanced Golden Record | N29: =IFERROR(VLOOKUP(N28,'[1]PADD 2 Query'!$G:$M,7,FALSE),0) -> 29.842975 | O29: =IFERROR(VLOOKUP(O28,'[1]PADD 2 Query'!$G:$M,7,FALSE),0) -> 148.15513 | P29: =IFERROR(VLOOKUP(P28,'[1]PADD 2 Query'!$G:$M,7,FALSE),0) -> 205.01355 | Q29: =IFERROR(VLOOKUP(Q28,'[1]PADD 2 Query'!$G:$M,7,FALSE),0) -> 234.55925 | R29: =IFERROR(VLOOKUP(R28,'[1]PADD 2 Query'!$G:$M,7,FALSE),0) -> 213.5886 | S29: =IFERROR(VLOOKUP(S28,'[1]PADD 2 Query'!$G:$M,7,FALSE),0) -> 57.72025 | T29: =IFERROR(VLOOKUP(T28,'[1]PADD 2 Query'!$G:$M,7,FALSE),0) -> 1.225 | U29: =IFERROR(VLOOKUP(U28,'[1]PADD 2 Query'!$G:$M,7,FALSE),0) -> 0 | ... Y29: =IFERROR(VLOOKUP(Y28,'[1]PADD 2 Query'!$G:$M,7,FALSE),0) -> 0 | AG29: Padd 2 | AK29: Sum of [Selected_Measure_Yield] | AL29: Column Labels
N30: =N35-N29 -> -0.442975 | O30: =O35-O29 -> -1.764 | P30: =P35-P29 -> -3.885 | Q30: =Q35-Q29 -> -2.71575 | R30: =R35-R29 -> 0 | S30: =S35-S29 -> -5.5973611 | T30: =T42-T29 -> -1.225 | U30: =U42-U29 -> 0 | V30: =V42-V29 -> 5.159 | W30: =W42-W29 -> 1.209 | X30: =X42-X29 -> -10.475 | Y30: =Y42-Y29 -> 0 | AH30: 2024 | AI30: 2025 | AJ30: 2026 | AL30: 2023 | AM30: 2024 | AN30: 2025 | AO30: 2026
M31: Planned | N31: =IFERROR(VLOOKUP(N28,'[1]PADD 2 Planned'!$G:$M,7,FALSE),0) -> 0 | O31: =IFERROR(VLOOKUP(O28,'[1]PADD 2 Planned'!$G:$M,7,FALSE),0) -> 32.673 | P31: =IFERROR(VLOOKUP(P28,'[1]PADD 2 Planned'!$G:$M,7,FALSE),0) -> 182.54075 | Q31: =IFERROR(VLOOKUP(Q28,'[1]PADD 2 Planned'!$G:$M,7,FALSE),0) -> 178.009 | R31: =IFERROR(VLOOKUP(R28,'[1]PADD 2 Planned'!$G:$M,7,FALSE),0) -> 74.821 | S31: =IFERROR(VLOOKUP(S28,'[1]PADD 2 Planned'!$G:$M,7,FALSE),0) -> 0 | T31: =IFERROR(VLOOKUP(T28,'[1]PADD 2 Planned'!$G:$M,7,FALSE),0) -> 0 | U31: =IFERROR(VLOOKUP(U28,'[1]PADD 2 Planned'!$G:$M,7,FALSE),0) -> 0 | ... Y31: =IFERROR(VLOOKUP(Y28,'[1]PADD 2 Planned'!$G:$M,7,FALSE),0) -> 0 | AG31: Jan | AI31: 8.6370968 | AK31: Row Labels
N32: =N29-N31 -> 29.842975 | O32: =O29-O31 -> 115.48213 | P32: =P29-P31 -> 22.4728 | Y32: =Y35-X35 -> -116.58 | AG32: Feb | AH32: 13.6 | AI32: 36.455357 | AJ32: 146.72143 | AK32: Jan | AL32: 187.67 | AM32: 90 | AN32: 29.506323 | AO32: 0
M33: Padd 2 2026 Offline Mogas Production (KBD) | AG33: Mar | AH33: 134.09944 | AI33: 280.16213 | AJ33: 155.92823 | AK33: Feb | AL33: 194.47893 | AM33: 103.36621 | AN33: 64.859 | AO33: 137.81786 | AP33: =AO33-X30 -> 148.29286
N34: Jan | O34: Feb | P34: Mar | Q34: Apr | R34: May | S34: Jun | T34: Jul | U34: Aug | V34: Sep | W34: Oct | X34: Nov | Y34: Dec | AA34: 1H26 Avg | AG34: Apr | AH34: 343.47233 | AI34: 383.5415 | AJ34: 148.97167 | AK34: Mar | AL34: 225.18339 | AM34: 163.40016 | AN34: 190.22871 | AO34: 84.803226 | AP34: =AO34-X31 -> -8.5467742
K35: 26 ‘25, 24, & '23 Planned & Unplanned | M35: 2026 Plan + Unplanned | N35: 29.4 | O35: 146.39112 | P35: 201.12855 | Q35: 231.8435 | R35: 213.5886 | S35: =S42+S54 -> 52.122889 | T35: =T42+T54 -> 52.99966 | U35: =U42+U54 -> 54.230731 | V35: =V42+V54 -> 166.90892 | W35: =W42+W54 -> 233.32115 | X35: =X42+X54 -> 132.48 | Y35: =Y42+Y54 -> 15.9 | Z35: =Z42+Z50 -> 83.594842 | AA35: =AVERAGE(N35:S35) -> 145.74578 | AB35: =AVERAGE(N35:S35) -> 145.74578 | AD35: =AB35-AB36 -> -23.916094 | AG35: May | AH35: 148.09726 | AI35: 110.88065 | AJ35: 23.029839 | AK35: Apr | AL35: 276.396 | AM35: 226.50133 | AN35: 351.62783 | AO35: 56.081667 | AP35: =AO35-X32 -> 56.081667
M36: 2025 Outages | N36: 47.430484 | O36: 99.6125 | P36: 210.36194 | Q36: 371.07308 | R36: 244.73323 | S36: 44.76 | T36: 59.687 | U36: 79.65 | V36: 159.2175 | W36: 313.0997 | X36: 83.47 | Y36: 15.9 | Z36: =AVERAGE(N36:Y36) -> 144.08295 | AA36: =AVERAGE(N36:S36) -> 169.66187 | AB36: =AVERAGE(N36:S36) -> 169.66187 | AG36: Jun | AI36: 45.25 | AK36: May | AL36: 137.33742 | AM36: 113.01387 | AN36: 161.14806 | AO36: 11.453226 | AP36: =AO36-X33 -> 11.453226
B37: El Dorado Refinery (HF Sinclair) | M37: vs 2026 | N37: =(N$35-N36)/N36 -> -0.38014548 | O37: =(O$35-O36)/O36 -> 0.46960597 | P37: =(P$35-P36)/P36 -> -0.043892853 | Q37: =(Q$35-Q36)/Q36 -> -0.37520798 | R37: =(R$35-R36)/R36 -> -0.12725949 | S37: =(S$35-S36)/S36 -> 0.16449707 | T37: =(T$35-T36)/T36 -> -0.11204014 | U37: =(U$35-U36)/U36 -> -0.31913708 | ... Y37: =(Y$35-Y36)/Y36 -> 0 | Z37: =AVERAGE(N37:Y37) -> -0.028576474 | AA37: =AVERAGE(N37:S37) -> -0.048733793 | AB37: =(AB35-AB36)/AB36 -> -0.14096328 | AG37: Jul | AH37: 3.9166667 | AI37: 36.193548 | AK37: Jun | AL37: 90 | AM37: 45.804667 | AN37: 55.68 | AP37: =AO37-X34 -> #VALUE!
B38: Lemont Refinery | M38: 2024 Outages | N38: 90 | O38: 280.5819 | P38: 163 | Q38: 276.655 | R38: 126.35806 | S38: 45 | T38: 131.6 | U38: 97 | V38: 203 | W38: 280.8 | X38: 132 | Y38: 2 | Z38: =AVERAGE(N38:Y38) -> 152.33291 | AA38: =AVERAGE(N38:S38) -> 163.59916 | AB38: =AVERAGE(N38:S38) -> 163.59916 | AG38: Aug | AH38: 0 | AI38: 42.25 | AK38: Jul | AL38: 100.67871 | AM38: 35.771742 | AN38: 33.370968 | AP38: =AO38-X35 -> -132.48
B39: Ponca City Refinery | M39: vs 2026 | N39: =(N35-N38)/N38 -> -0.67333333 | O39: =(O35-O38)/O38 -> -0.47825884 | P39: =(P35-P38)/P38 -> 0.23391748 | Q39: =(Q35-Q38)/Q38 -> -0.16197611 | R39: =(R35-R38)/R38 -> 0.69034403 | S39: =(S35-S38)/S38 -> 0.15828642 | T39: =(T35-T38)/T38 -> -0.59726702 | U39: =(U35-U38)/U38 -> -0.4409203 | ... Y39: =(Y35-Y38)/Y38 -> 6.95 | Z39: =AVERAGE(N39:Y39) -> 0.44479633 | AA39: =AVERAGE(N39:S39) -> -0.038503391 | AB39: =(AB35-AB38)/AB38 -> -0.10912882 | AG39: Sep | AH39: 212.34333 | AI39: 177.59833 | AJ39: 10.791667 | AK39: Aug | AL39: 91.419355 | AM39: 8.7345161 | AN39: 41.38
B40: Robinson Refinery | M40: 2023 Outages | N40: 290.55307 | O40: 234.397 | P40: 282.96883 | Q40: 366 | R40: 207.17533 | S40: 86.418667 | T40: 74.094 | U40: 22.667667 | V40: 242.75643 | W40: 308.8098 | X40: 71.48 | Y40: 15 | Z40: =AVERAGE(N40:Y40) -> 183.52673 | AA40: =AVERAGE(N40:S40) -> 244.58548 | AB40: =AVERAGE(S40:Y40) -> 117.31808 | AG40: Oct | AH40: 347.76452 | AI40: 105.96371 | AJ40: 64.75 | AK40: Sep | AL40: 323.94977 | AM40: 164.105 | AN40: 199.916 | AO40: 53.958333
B41: Toledo Refinery (PBF) | M41: vs 2026 | N41: =(N35-N40)/N40 -> -0.89881366 | O41: =(O35-O40)/O40 -> -0.37545649 | P41: =(P35-P40)/P40 -> -0.28922013 | Q41: =(Q35-Q40)/Q40 -> -0.36654781 | R41: =(R35-R40)/R40 -> 0.030955744 | S41: =(S35-S40)/S40 -> -0.39685613 | T41: =(T35-T40)/T40 -> -0.284697 | U41: =(U35-U40)/U40 -> 1.3924267 | ... Y41: =(Y35-Y40)/Y40 -> 0.06 | Z41: =AVERAGE(N41:Y41) -> -0.069309699 | AA41: =AVERAGE(N41:S41) -> -0.38265641 | AB41: =(AB35-AB40)/AB40 -> 0.242313 | AG41: Nov | AH41: 43.561667 | AI41: 4.2933333 | AJ41: 6.475 | AK41: Oct | AL41: 406.71465 | AM41: 234.14435 | AN41: 131.22097 | AO41: 64.75
K42: 26 ‘25, 24, & '23 Planned ONLY | M42: 2026 Plan | N42: 0 | O42: 53.057 | P42: 194.77225 | Q42: 178.609 | R42: 54.3045 | S42: 0 | T42: 0 | U42: 0 | V42: 145.55325 | W42: 177.76815 | X42: 82.875 | Y42: 0 | Z42: =(N42*(31/90))+(O42*(28/90))+(P42*(31/90)) -> 83.594842 | AA42: =AVERAGE(N42:S42) -> 80.123792 | AB42: =AVERAGE(S42:Y42) -> 58.028057 | AD42: =AB42-AB43 -> -5.3086172 | AG42: Grand Total | AH42: 1246.8552 | AI42: 1231.2257 | AJ42: 556.66783 | AK42: Nov | AL42: 135.98667 | AM42: 62.874167
M43: 2025 Outages | N43: 8.6370968 | O43: 18.35 | P43: 202.00806 | Q43: 278.099 | R43: 122.17258 | S43: 19.7 | T43: 36.193548 | U43: 42.566667 | V43: 127.375 | W43: 184.60484 | X43: 32.916667 | Y43: 0 | Z43: =(N43*(31/90))+(O43*(28/90))+(P43*(31/90)) -> 78.264444 | AA43: =AVERAGE(N43:S43) -> 108.16112 | AB43: =AVERAGE(S43:Y43) -> 63.336674 | AK43: Dec | AL43: 90
M44: vs 2026 | N44: =(N42-N43)/N43 -> -1 | O44: =(O42-O43)/O43 -> 1.8913896 | P44: =(P42-P43)/P43 -> -0.035819434 | Q44: =(Q42-Q43)/Q43 -> -0.3577503 | R44: =(R42-R43)/R43 -> -0.55550992 | S44: =(S42-S43)/S43 -> -1 | T44: =(T$42-T43)/T43 -> -1 | U44: =(U$42-U43)/U43 -> -1 | V44: =(V$42-V43)/V43 -> 0.14271443 | W44: =(W$42-W43)/W43 -> -0.037034179 | X44: =(X$42-X43)/X43 -> 1.5177215 | Y44: =(Y$42-Y43)/Y43 -> #DIV/0! | Z44: =(Z42-Z43)/Z43 -> 0.06810752 | AA44: =AVERAGE(N44:S44) -> -0.17628167 | AB44: =(AB42-AB43)/AB43 -> -0.08381585 | AK44: Grand Total | AL44: 2259.8149 | AM44: 1247.716 | AN44: 1258.9379 | AO44: 290.15598
M45: 2024 Outages | N45: 1e-05 | O45: 13.6 | P45: 135.14944 | Q45: 343.64733 | R45: 148.09726 | S45: 0.01 | T45: 4.0733333 | U45: 6.9193548 | V45: 199.59333 | W45: 280.56452 | X45: 44.496667 | Y45: 0.01 | Z45: =(N45*(31/90))+(O45*(28/90))+(P45*(31/90)) -> 50.782589 | AA45: =AVERAGE(N45:S45) -> 106.75067 | AB45: =AVERAGE(S45:Y45) -> 76.523886
M46: vs 2026 | N46: =(N42-N45)/N45 -> -1 | O46: =(O42-O45)/O45 -> 2.90125 | P46: =(P42-P45)/P45 -> 0.44116209 | Q46: =(Q42-Q45)/Q45 -> -0.48025495 | R46: =(R42-R45)/R45 -> -0.63331867 | S46: =(S42-S45)/S45 -> -1 | T46: =(T42-T45)/T45 -> -1 | U46: =(U42-U45)/U45 -> -1 | ... Z46: =(Z42-Z45)/Z45 -> 0.64613195 | AA46: =AVERAGE(N46:S46) -> 0.038139744 | AB46: =(AB42-AB45)/AB45 -> -0.24170008
M47: 2023 Outages | N47: 100.92567 | O47: 91.353667 | P47: 131.6945 | Q47: 199.056 | R47: 55.635333 | S47: 0.1 | T47: 12.474667 | U47: 0 | V47: 224.61643 | W47: 270.88113 | X47: 31.586667 | Y47: 0.01 | Z47: =(N47*(31/90))+(O47*(28/90))+(P47*(31/90)) -> 108.54586 | AA47: =AVERAGE(N47:S47) -> 96.460861 | AB47: =AVERAGE(S47:Y47) -> 77.095557
M48: vs 2026 | N48: =(N42-N47)/N47 -> -1 | O48: =(O42-O47)/O47 -> -0.41921324 | P48: =(P42-P47)/P47 -> 0.47897027 | Q48: =(Q42-Q47)/Q47 -> -0.10271984 | R48: =(R42-R47)/R47 -> -0.02392065 | S48: =(S42-S47)/S47 -> -1 | T48: =(T42-T47)/T47 -> -1 | U48: =(U42-U47)/U47 -> #DIV/0! | ... Z48: =(Z42-Z47)/Z47 -> -0.22986618 | AA48: =AVERAGE(N48:S48) -> -0.34448058 | AB48: =(AB42-AB47)/AB47 -> -0.24732294
M50: 2025 Unplanned Outages | N50: =N36-N43 -> 38.793387 | O50: =O36-O43 -> 81.2625 | P50: =P36-P43 -> 8.353871 | Q50: =Q36-Q43 -> 92.974083 | R50: =R36-R43 -> 122.56065 | S50: =S36-S43 -> 25.06 | T50: =T36-T43 -> 23.493452 | U50: =U36-U43 -> 37.083333 | ... Y50: =Y36-Y43 -> 15.9 | AA50: =AVERAGE(N50:S50) -> 61.500748 | AB50: =AVERAGE(S50:Y50) -> 44.632497 | AG50: Jan | AH50: Feb | AI50: Mar | AJ50: Apr | AK50: May | AL50: Jun | AM50: Jul | AN50: Aug | AO50: Sep | AP50: Oct | AQ50: Nov | AR50: Dec
M51: 2024 Unplanned Outages | N51: =N38-N45 -> 89.99999 | O51: =O38-O45 -> 266.9819 | P51: =P38-P45 -> 27.850559 | Q51: =Q38-Q45 -> -66.992333 | R51: =R38-R45 -> -21.739194 | S51: =S38-S45 -> 44.99 | T51: =T38-T45 -> 127.52667 | U51: =U38-U45 -> 90.080645 | ... Y51: =Y38-Y45 -> 1.99 | Z51: =Z36-Z43 -> 65.818508 | AA51: =AVERAGE(N51:S51) -> 56.848486 | AB51: =AVERAGE(N51:Y51) -> 54.319476 | AF51: 1 | AJ51: 32.3
M52: 2023 Unplanned Outages | N52: =N40-N47 -> 189.6274 | O52: =O40-O47 -> 143.04333 | P52: =P40-P47 -> 151.27433 | Q52: =Q40-Q47 -> 166.944 | R52: =R40-R47 -> 151.54 | S52: =S40-S47 -> 86.318667 | T52: =T40-T47 -> 61.619333 | U52: =U40-U47 -> 22.667667 | ... Y52: =Y40-Y47 -> 14.99 | Z52: =AVERAGE(N52:Y52) -> 90.332228 | AA52: =AVERAGE(N52:S52) -> 148.12462 | AB52: =AVERAGE(S52:Y52) -> 40.222524 | AF52: 2 | AH52: 146.72143 | AI52: 155.92823 | AJ52: 148.97167 | AK52: 23.029839 | AO52: 10.791667 | AP52: 64.75 | AQ52: 6.475
N53: =AVERAGE(N50:N52) -> 106.14026 | O53: =AVERAGE(O50:O52) -> 163.76258 | P53: =AVERAGE(P50:P52) -> 62.492921 | Q53: =AVERAGE(Q50:Q52) -> 64.308583 | R53: =AVERAGE(R50:R52) -> 84.120484 | S53: =AVERAGE(S50:S52) -> 52.122889 | T53: =AVERAGE(T50:T52) -> 70.879817 | U53: =AVERAGE(U50:U52) -> 49.943882 | ... Y53: =AVERAGE(Y50:Y52) -> 10.96 | Z53: =AVERAGE(N53:Y53) -> 66.449789 | AB53: =AVERAGE(S53:Y53) -> 45.224664 | AF53: 3 | AG53: 246.11532 | AH53: 386.82679 | AI53: 206.43468 | AJ53: 38.385833 | AK53: 9.9395161 | AL53: 2.75 | AM53: 0.91935484 | AN53: 1.1
N54: =N35-N42 -> 29.4 | O54: =O35-O42 -> 93.334125 | P54: =P35-P42 -> 6.3563 | Q54: =Q35-Q42 -> 53.2345 | R54: =R35-R42 -> 159.2841 | S54: =S53 -> 52.122889 | T54: =AVERAGE(T52:T53)*0.8 -> 52.99966 | U54: =AVERAGE(U51:U53) -> 54.230731 | V54: =V53*1.2 -> 21.355667 | W54: =W53 -> 55.553004 | X54: =AVERAGE(X52:X53) -> 49.605 | Y54: =Y50 -> 15.9 | AF54: 4 | AH54: 18.75 | AI54: 75.589839 | AJ54: 64.991027 | AK54: 3.0141935 | AP54: 6.8870968 | AQ54: 15.25 | AR54: 2.9516129
AF55: 5 | AG55: 25.909677 | AH55: 8.3725 | AI55: 11.34 | AJ55: 118.53933 | AK55: 129.53409 | AL55: 117.55667 | AM55: 103.05 | AN55: 103.05 | AO55: 103.05 | AP55: 103.05 | AQ55: 103.05 | AR55: 103.05
M56: 22-23 avg | N56: 110.61187 | O56: 86.7945 | P56: 86.918667 | Q56: 98.4875 | R56: 88.493 | S56: 60
N57: =N56*0.8 -> 88.489493 | O57: =O56*1 -> 86.7945 | P57: =P56*0.8 -> 69.534933 | Q57: =Q56*0.8 -> 78.79 | R57: =R56*0.8 -> 70.7944 | S57: =S56*0.8 -> 48 | AG57: 272.025 | AH57: 560.67071 | AI57: 449.29274 | AJ57: 403.18786 | AK57: 165.51763 | AL57: 120.30667 | AM57: 103.96935 | AN57: 104.15 | AO57: 113.84167 | AP57: 174.6871 | AQ57: 124.775 | AR57: 106.00161
Q59: confirm ho wmuch need to change in apr
M60: 46192 | N60: 29.4 | O60: 146.39112 | P60: 201.12855 | Q60: 231.8435 | R60: 213.5886 | S60: 52.122889 | T60: 52.99966 | U60: 54.230731 | V60: 166.90892 | W60: 233.32115 | X60: 132.48 | Y60: 15.9
O61: =O60-O35 -> 0 | P61: =P60-P35 -> 0 | Q61: =Q60-Q35 -> 0 | R61: =R60-R35 -> 0 | S61: =S60-S35 -> 0 | T61: =T60-T35 -> 0 | U61: =U60-U35 -> 0 | V61: =V60-V35 -> 0 | ... Y61: =Y60-Y35 -> 0
Q87: mar | R87: apr
N88: Mobile Refinery (Vertex) | U88: 0 | V88: 0
L89: ‘25, 24, '22 & '23 Planned & Unplanned | N89: 2024 Outages | T89: 36.5 | U89: 131.6 | V89: 97 | W89: 203 | X89: 280.8 | Y89: 132 | Z89: 2
N90: vs 2025 | T90: 36.5 | U90: 131.6 | V90: 97 | W90: 203 | X90: 280.8 | Y90: 132 | Z90: 2
N91: 2023 Outages | T91: =(T$35-T90)/T90 -> 0.45204549 | U91: =(U$35-U90)/U90 -> -0.58791238 | V91: =(V$35-V90)/V90 -> 0.72071048 | W91: =(W$35-W90)/W90 -> 0.14936529 | X91: =(X$35-X90)/X90 -> -0.52820513 | Y91: =(Y$35-Y90)/Y90 -> -0.87954545 | Z91: =(Z$35-Z90)/Z90 -> 40.797421
N92: vs 2024 | O92: 290.55307 | P92: 234.397 | Q92: 282.96883 | R92: 366 | S92: 207.17533 | T92: 86.418667 | U92: 74.094 | V92: 22.667667 | W92: 242.75643 | X92: 308.8098 | Y92: 71.48 | Z92: 15
N93: 2022 Outages | O93: =(O89-O92)/O92 -> -1 | P93: =(P89-P92)/P92 -> -1 | Q93: =(Q89-Q92)/Q92 -> -1 | R93: =(R89-R92)/R92 -> -1 | S93: =(S89-S92)/S92 -> -1 | T93: =(T$35-T92)/T92 -> -0.38671051 | U93: =(U89-U92)/U92 -> 0.77612222 | V93: =(V89-V92)/V92 -> 3.279223 | W93: =(W89-W92)/W92 -> -0.16377087 | X93: =(X89-X92)/X92 -> -0.090702432 | Y93: =(Y89-Y92)/Y92 -> 0.8466704 | Z93: =(Z89-Z92)/Z92 -> -0.86666667
N94: vs 2024 | O94: 31.596333 | P94: 40.375667 | Q94: 176.017 | R94: 152.589 | S94: 127.69787 | T94: 130.532 | U94: 161.19843 | V94: 183.33067 | W94: 142.39667 | X94: 313.4992 | Y94: 236.42 | Z94: 214.3106
N95: 2025 Plan | O95: =(O89-O94)/O94 -> -1 | P95: =(P89-P94)/P94 -> -1 | Q95: =(Q89-Q94)/Q94 -> -1 | R95: =(R89-R94)/R94 -> -1 | S95: =(S89-S94)/S94 -> -1 | T95: =(T89-T94)/T94 -> -0.72037508 | U95: =(U89-U94)/U94 -> -0.1836149 | V95: =(V89-V94)/V94 -> -0.47090139 | ... Z95: =(Z89-Z94)/Z94 -> -0.99066775
L96: ‘25 Planned vs'24, '23 & '22 Planned ONLY | N96: 2024 Outages | O96: 0 | P96: 13.6 | Q96: 135.14944 | R96: 343.64733 | S96: 148.09726 | T96: 0 | U96: 4.0733333 | V96: 6.9193548 | W96: 199.59333 | X96: 280.56452 | Y96: 44.496667 | Z96: 0
N97: vs 2025 | O97: 0 | P97: 13.6 | Q97: 135.14944 | R97: 343.64733 | S97: 148.09726 | T97: 0 | U97: 4.0733333 | V97: 6.9193548 | W97: 199.59333 | X97: 280.56452 | Y97: 44.496667 | Z97: 0
N98: 2023 Outages | O98: =IFERROR((O96-O97)/O97,"") | P98: =IFERROR((P96-P97)/P97,"") -> 0 | Q98: =IFERROR((Q96-Q97)/Q97,"") -> 0 | R98: =IFERROR((R96-R97)/R97,"") -> 0 | S98: =IFERROR((S96-S97)/S97,"") -> 0 | T98: =IFERROR((T96-T97)/T97,"") | U98: =IFERROR((U96-U97)/U97,"") -> 0 | V98: =IFERROR((V96-V97)/V97,"") -> 0 | ... Z98: =IFERROR((Z96-Z97)/Z97,"")
N99: vs 2025 | O99: 100.92567 | P99: 91.353667 | Q99: 131.6945 | R99: 199.056 | S99: 55.635333 | T99: 0 | U99: 12.474667 | V99: 0 | W99: 224.61643 | X99: 270.88113 | Y99: 31.586667 | Z99: 0
N100: 2022 Outages | O100: =(O96-O99)/O99 -> -1 | P100: =(P96-P99)/P99 -> -0.85112803 | Q100: =(Q96-Q99)/Q99 -> 0.026234511 | R100: =(R96-R99)/R99 -> 0.7263852 | S100: =(S96-S99)/S99 -> 1.6619281 | U100: =(U96-U99)/U99 -> -0.67347157 | W100: =(W96-W99)/W99 -> -0.11140369 | X100: =(X96-X99)/X99 -> 0.03574772 | Y100: =(Y96-Y99)/Y99 -> 0.40871676
N101: vs 2025 | O101: 0 | P101: 9.83 | Q101: 153.454 | R101: 122.558 | S101: 102.25187 | T101: 96.65 | U101: 111.17683 | V101: 97.614333 | W101: 63.706667 | X101: 154.53453 | Y101: 69.530333 | Z101: 0.66
N102: vs 2025 | P102: =(P96-P101)/P101 -> 0.38351984 | Q102: =(Q96-Q101)/Q101 -> -0.11928369 | R102: =(R96-R101)/R101 -> 1.8039568 | S102: =(S96-S101)/S101 -> 0.4483575 | T102: =(T96-T101)/T101 -> -1 | U102: =(U96-U101)/U101 -> -0.96336167 | V102: =(V96-V101)/V101 -> -0.92911538 | W102: =(W96-W101)/W101 -> 2.1330054 | ... Z102: =(Z96-Z101)/Z101 -> -1
N104: 2025 Unplanned Outages Estimate | T104: =AVERAGE(T105:T107) -> 52.266889 | U104: 55 | V104: =AVERAGE(V105:V107) -> 66.154882 | W104: =AVERAGE(W105:W107) -> 33.412222 | X104: =AVERAGE(X105:X107) -> 65.709606 | Y104: 66 | Z104: 30
N105: 2024 Unplanned Outages | T105: =T90-T97 -> 36.5 | U105: =U90-U97 -> 127.52667 | V105: =V90-V97 -> 90.080645 | W105: =W90-W97 -> 3.4066667 | X105: =X90-X97 -> 0.23548387 | Y105: =Y90-Y97 -> 87.503333 | Z105: =Z90-Z97 -> 2
N106: 2023 Unplanned Outages | O106: =O92-O99 -> 189.6274 | P106: =P92-P99 -> 143.04333 | Q106: =Q92-Q99 -> 151.27433 | R106: =R92-R99 -> 166.944 | S106: =S92-S99 -> 151.54 | T106: =T92-T99 -> 86.418667 | U106: =U92-U99 -> 61.619333 | V106: =V92-V99 -> 22.667667 | ... Z106: =Z92-Z99 -> 15
N107: 2022 Unplanned Outages | O107: =O94-O101 -> 31.596333 | P107: =P94-P101 -> 30.545667 | Q107: =Q94-Q101 -> 22.563 | R107: =R94-R101 -> 30.031 | S107: =S94-S101 -> 25.446 | T107: =T94-T101 -> 33.882 | U107: =U94-U101 -> 50.021602 | V107: =V94-V101 -> 85.716333 | ... Z107: =Z94-Z101 -> 213.6506
B110: Years (Date*) | C110: 2026
B112: Sum of Gasoline Production Offline (KBD) | C112: Column Labels
B113: Row Labels | C113: Jan | D113: Feb | E113: Mar | F113: Apr | G113: May | H113: Jun | I113: Jul | J113: Aug | K113: Sep | L113: Oct | M113: Nov | N113: Dec | O113: Grand Total
B114: 1 | F114: 32.3 | O114: 32.3
B115: 2 | D115: 146.72143 | E115: 155.92823 | F115: 148.97167 | G115: 23.029839 | K115: 10.791667 | L115: 64.75 | M115: 6.475 | O115: 556.66783
B116: El Dorado Refinery (HF Sinclair) | E116: 31.014516 | F116: 68.675 | O116: 99.689516
B117: Lemont Refinery | E117: 12.16129 | F117: 37.7 | G117: 10.945161 | O117: 60.806452
B118: Ponca City Refinery | D118: 98.25 | E118: 6.3387097 | O118: 104.58871
B119: Robinson Refinery | E119: 25.512097 | F119: 41.625 | G119: 12.084677 | O119: 79.221774
B120: Toledo Refinery (PBF) | D120: 40.346429 | E120: 36.441935 | O120: 76.788364
B121: Whiting Refinery | K121: 10.791667 | L121: 64.75 | M121: 6.475 | O121: 82.016667
B122: Wood River Refinery | D122: 8.125 | E122: 16.25 | O122: 24.375
B123: VALERO - MEMPHIS | E123: 28.209677 | F123: 0.97166667 | O123: 29.181344
B124: 3 | C124: 246.11532 | D124: 386.82679 | E124: 206.43468 | F124: 38.385833 | G124: 9.9395161 | H124: 2.75 | I124: 0.91935484 | J124: 1.1 | O124: 892.47149
B125: 4 | D125: 18.75 | E125: 75.589839 | F125: 64.991027 | G125: 3.0141935 | L125: 6.8870968 | M125: 15.25 | N125: 2.9516129 | O125: 187.43377
B126: 5 | C126: 25.909677 | D126: 8.3725 | E126: 11.34 | F126: 118.53933 | G126: 129.53409 | H126: 117.55667 | I126: 103.05 | J126: 103.05 | K126: 103.05 | L126: 103.05 | M126: 103.05 | N126: 103.05 | O126: 1029.5523
B127: Grand Total | C127: 272.025 | D127: 560.67071 | E127: 449.29274 | F127: 403.18786 | G127: 165.51763 | H127: 120.30667 | I127: 103.96935 | J127: 104.15 | K127: 113.84167 | L127: 174.6871 | M127: 124.775 | N127: 106.00161 | O127: 2698.4253

Sheet P3 - 2026
M2: 2025 Offline Mogas Production (KBD)
B3: Sum of Capacity Offline for Area Chart (KBD) | C3: Column Labels | N3: Column Labels
M4: Row Labels | N4: Jan | O4: Feb | P4: Mar | Q4: Apr | R4: May | S4: Jun | T4: Jul | U4: Aug | V4: Sep | W4: Oct | X4: Nov | Y4: Dec | Z4: 1Q25 Total | AA4: 1H26 Avg | AB4: 2H25 Avg
C6: 46199 | D6: =C6+7 -> 46206 | E6: =D6+7 -> 46213
C7: =120 -> 120 | D7: 120
C8: =C7*7 -> 840 | D8: =D7*7 -> 840
AF15: jan | AG15: feb | AH15: mar | AI15: apr | AJ15: may | AK15: jun
AE16: 20205 | AF16: -487.36074 | AG16: -537.594 | AH16: -386.37598 | AI16: -335.22733 | AJ16: -215.98352 | AK16: -229.89186
AF17: =-1*AF16 -> 487.36074 | AG17: =-1*AG16 -> 537.594 | AH17: =-1*AH16 -> 386.37598 | AI17: =-1*AI16 -> 335.22733 | AJ17: =-1*AJ16 -> 215.98352 | AK17: =-1*AK16 -> 229.89186
AE18: 2024 | AF18: -409.61 | AG18: -453.78805 | AH18: -496.328 | AI18: -262.86707 | AJ18: -189.15242
AF19: =-1*AF18 -> 409.61 | AG19: =-1*AG18 -> 453.78805 | AH19: =-1*AH18 -> 496.328 | AI19: =-1*AI18 -> 262.86707 | AJ19: =-1*AJ18 -> 189.15242
S21: =245*0.1+80*0.65+40*0.85+60*0.1 -> 116.5
S22: =(30-19)/30*120 -> 44 | T22: =(3)/31*120 -> 11.612903
P23: *find the 40&20kbd more offline I have in our offline tool vs outages
M24: 2027 planned and unplanned outages
M25: 2027 Planned Outages withLyondell | N25: =N27+128 -> 346.56788 | O25: =O27+128 -> 467.34663 | P25: =P27+128 -> 529.54 | Q25: =Q27+128 -> 284.27375 | R25: =R27+128 -> 139.28 | S25: =S27+128 -> 189.84 | T25: =T27+128 -> 189 | U25: =U27+128 -> 145.69 | ... Y25: =Y27+128 -> 128
N26: 46388 | O26: 46419 | P26: 46447 | Q26: 46478 | R26: 46508 | S26: 46539 | T26: 46569 | U26: 46600 | V26: 46631 | W26: 46661 | X26: 46692 | Y26: 46722
M27: 2027 plan | N27: =IFERROR(VLOOKUP(N26,'[1]PADD 3 Planned'!$G:$M,7,FALSE),0) -> 218.56788 | O27: =IFERROR(VLOOKUP(O26,'[1]PADD 3 Planned'!$G:$M,7,FALSE),0) -> 339.34663 | P27: =IFERROR(VLOOKUP(P26,'[1]PADD 3 Planned'!$G:$M,7,FALSE),0) -> 401.54 | Q27: =IFERROR(VLOOKUP(Q26,'[1]PADD 3 Planned'!$G:$M,7,FALSE),0) -> 156.27375 | R27: =IFERROR(VLOOKUP(R26,'[1]PADD 3 Planned'!$G:$M,7,FALSE),0) -> 11.28 | S27: =IFERROR(VLOOKUP(S26,'[1]PADD 3 Planned'!$G:$M,7,FALSE),0) -> 61.84 | T27: =IFERROR(VLOOKUP(T26,'[1]PADD 3 Planned'!$G:$M,7,FALSE),0) -> 61 | U27: =IFERROR(VLOOKUP(U26,'[1]PADD 3 Planned'!$G:$M,7,FALSE),0) -> 17.69 | ... Y27: =IFERROR(VLOOKUP(Y26,'[1]PADD 3 Planned'!$G:$M,7,FALSE),0) -> 0
N28: 46023 | O28: 46054 | P28: 46082 | Q28: 46113 | R28: 46143 | S28: 46174 | T28: 46204 | U28: 46235 | V28: 46266 | W28: 46296 | X28: 46327 | Y28: 46357
M29: 2026 Enhanced Golden Record | N29: =IFERROR(VLOOKUP(N28,'[1]PADD 3 Query'!$G:$M,7,FALSE),0) -> 249.794 | O29: =IFERROR(VLOOKUP(O28,'[1]PADD 3 Query'!$G:$M,7,FALSE),0) -> 502.16497 | P29: =IFERROR(VLOOKUP(P28,'[1]PADD 3 Query'!$G:$M,7,FALSE),0) -> 241.85297 | Q29: =IFERROR(VLOOKUP(Q28,'[1]PADD 3 Query'!$G:$M,7,FALSE),0) -> 299.61255 | R29: =IFERROR(VLOOKUP(R28,'[1]PADD 3 Query'!$G:$M,7,FALSE),0) -> 192.98688 | S29: =IFERROR(VLOOKUP(S28,'[1]PADD 3 Query'!$G:$M,7,FALSE),0) -> 106.75225 | T29: =IFERROR(VLOOKUP(T28,'[1]PADD 3 Query'!$G:$M,7,FALSE),0) -> 25.3611 | U29: =IFERROR(VLOOKUP(U28,'[1]PADD 3 Query'!$G:$M,7,FALSE),0) -> 13.1595 | ... Y29: =IFERROR(VLOOKUP(Y28,'[1]PADD 3 Query'!$G:$M,7,FALSE),0) -> 0 | AG29: Sum of Gasoline Production Offline (KBD) | AH29: Column Labels
M30: 2026 Enhanced Golden Record (w. Lyondell) | N30: =N29+N63 -> 377.794 | O30: =O29+O63 -> 630.16497 | P30: =P29+P63 -> 369.85298 | Q30: =Q29+Q63 -> 427.61255 | R30: =R29+R63 -> 320.98688 | S30: =S29+S63 -> 234.75225 | T30: =T29+T63 -> 153.3611 | U30: =U29+U63 -> 141.1595 | ... Y30: =Y29+Y63 -> 128 | AG30: Row Labels | AH30: 2024 | AI30: 2025 | AJ30: 2026 | AK30: Grand Total
N31: =N36-N30 -> 19.1595 | O31: =O36-O30 -> 3.835025 | P31: =P36-P30 -> -9.4005 | Q31: =Q36-Q30 -> -20 | R31: =R36-R30 -> -15.99575 | S31: =S36-S30 -> -11.903139 | T31: =T43-T30 -> -24.296584 | U31: =U43-U30 -> -11.465952 | V31: =V43-V30 -> -20.53125 | W31: =W43-W30 -> -23.4129 | X31: =X43-X30 -> -9.2705 | Y31: =Y43-Y30 -> 0
M32: 2026 planned | N32: =IFERROR(VLOOKUP(N28,'[1]PADD 3 Planned'!$G:$M,7,FALSE),0) -> 185.6145 | O32: =IFERROR(VLOOKUP(O28,'[1]PADD 3 Planned'!$G:$M,7,FALSE),0) -> 329.68285 | P32: =IFERROR(VLOOKUP(P28,'[1]PADD 3 Planned'!$G:$M,7,FALSE),0) -> 117.21297 | Q32: =IFERROR(VLOOKUP(Q28,'[1]PADD 3 Planned'!$G:$M,7,FALSE),0) -> 44.49875 | R32: =IFERROR(VLOOKUP(R28,'[1]PADD 3 Planned'!$G:$M,7,FALSE),0) -> 40.3005 | S32: =IFERROR(VLOOKUP(S28,'[1]PADD 3 Planned'!$G:$M,7,FALSE),0) -> 7.62125 | T32: =IFERROR(VLOOKUP(T28,'[1]PADD 3 Planned'!$G:$M,7,FALSE),0) -> 17.7211 | U32: =IFERROR(VLOOKUP(U28,'[1]PADD 3 Planned'!$G:$M,7,FALSE),0) -> 13.1595 | ... Y32: =IFERROR(VLOOKUP(Y28,'[1]PADD 3 Planned'!$G:$M,7,FALSE),0) -> 0 | AG32: Jan | AH32: 343.11774 | AI32: 288.69032 | AJ32: 246.11532 | AK32: 877.92339
N33: =N36-N37 -> -95.407242 | O33: =O36-O37 -> 31.906 | P33: =P36-P37 -> -153.92351 | Q33: =Q36-Q37 -> -55.614783 | R33: =R36-R37 -> -38.992391 | S33: =S36-S37 -> 0.84911111 | T33: =T36-T37 -> -21.394882 | U33: =U36-U37 -> -79.634386 | ... Y33: =Y36-Y37 -> 48.268889 | AG33: Feb | AH33: 604.0628 | AI33: 293.54107 | AJ33: 386.82679 | AK33: 1284.4307
N34: =Y37-N36 -> -258.9535 | O34: =N36-O36 -> -237.0465 | P34: =O36-P36 -> 273.54753 | Q34: =P36-Q36 -> -47.160075 | R34: =Q36-R36 -> 102.62142 | S34: =R36-S36 -> 82.142014 | T34: =S36-T36 -> -8.7560072 | U34: =T36-U36 -> 3.1205047 | V34: =U36-V36 -> -82.950231 | ... Y34: =X36-Y36 -> 68.756861 | AG34: Mar | AH34: 235.24526 | AI34: 222.98024 | AJ34: 206.43468 | AK34: 664.66018
N35: Jan | O35: Feb | P35: Mar | Q35: Apr | R35: May | S35: Jun | T35: Jul | U35: Aug | V35: Sep | W35: Oct | X35: Nov | Y35: Dec | AG35: Apr | AH35: 78.808333 | AI35: 147.22667 | AJ35: 38.385833 | AK35: 264.42083
K36: 26 ‘25, 24, & '23 Planned & Unplanned | M36: 2026 Plan + Unplanned | N36: 396.9535 | O36: 634 | P36: 360.45247 | Q36: 407.61255 | R36: 304.99113 | S36: =S43+S55 -> 222.84911 | T36: =T43+T55 -> 231.60512 | U36: =U43+U55 -> 228.48461 | V36: =V43+V55 -> 311.43484 | W36: =W43+W55 -> 382.06055 | X36: =X43+X55 -> 255.02575 | Y36: =Y43+Y55 -> 186.26889 | Z36: =Z43+Z51 -> 381.29678 | AA36: =AVERAGE(N36:S36) -> 387.80979 | AB36: =AVERAGE(S36:Y36) -> 259.67555 | AC36: =AVERAGE(N36:R36) -> 420.80193 | AD36: =AC36-AC37 -> -62.406384 | AG36: May | AH36: 22.755 | AI36: 34.555903 | AJ36: 9.9395161 | AK36: 67.250419
M37: 2025 Outages | N37: =N44+N69 -> 492.36074 | O37: =O44+O69 -> 602.094 | P37: =P44+P69 -> 514.37598 | Q37: =Q44+Q69 -> 463.22733 | R37: =R44+R69 -> 343.98352 | S37: 222 | T37: 253 | U37: 308.119 | V37: 401.186 | W37: 763.5 | X37: 420.93 | Y37: 138 | AA37: =AVERAGE(N37:S37) -> 439.6736 | AB37: =AVERAGE(S37:Y37) -> 358.105 | AC37: =AVERAGE(N37:R37) -> 483.20831 | AG37: Jun | AH37: 59.156667 | AI37: 17.933333 | AJ37: 2.75 | AK37: 79.84
M38: vs 2026 | N38: =(N$36-N37)/N37 -> -0.19377508 | O38: =(O$36-O37)/O37 -> 0.052991726 | P38: =(P$36-P37)/P37 -> -0.29924318 | Q38: =(Q$36-Q37)/Q37 -> -0.12005937 | R38: =(R$36-R37)/R37 -> -0.11335541 | S38: =(S$36-S37)/S37 -> 0.0038248248 | T38: =(T$36-T37)/T37 -> -0.08456475 | U38: =(U$36-U37)/U37 -> -0.25845335 | ... Y38: =(Y$36-Y37)/Y37 -> 0.34977456 | AA38: =AVERAGE(N38:S38) -> -0.11160275 | AB38: =(AB36-AB37)/AB37 -> -0.27486197 | AG38: Jul | AH38: 56.459677 | AI38: 1.8580645 | AJ38: 0.91935484 | AK38: 59.237097
M39: 2024 Outages | N39: 409.61 | O39: 453.78805 | P39: 496.328 | Q39: 262.86707 | R39: 189.15242 | S39: 157 | T39: 229 | U39: 200 | V39: 319 | W39: 349 | X39: 267.4 | Y39: 12 | Z39: =AVERAGE(N39:Y39) -> 278.76213 | AA39: =AVERAGE(N39:S39) -> 328.12426 | AB39: =AVERAGE(S39:Y39) -> 219.05714 | AG39: Aug | AH39: 107.7579 | AJ39: 1.1 | AK39: 108.8579
M40: vs 2026 | N40: =(N36-N39)/N39 -> -0.030898904 | O40: =(O36-O39)/O39 -> 0.39712801 | P40: =(P36-P39)/P39 -> -0.27376155 | Q40: =(Q36-Q39)/Q39 -> 0.55064138 | R40: =(R36-R39)/R39 -> 0.61240933 | S40: =(S$36-S39)/S39 -> 0.41942109 | T40: =(T36-T39)/T39 -> 0.011376062 | U40: =(U36-U39)/U39 -> 0.14242307 | V40: =(V36-V39)/V39 -> -0.023715221 | W40: =(W36-W39)/W39 -> 0.09472938 | X40: =(X36-X39)/X39 -> -0.046276178 | Y40: =(Y36-Y39)/Y39 -> 14.522407 | Z40: =(#REF!-Z39)/Z39 -> #REF! | AA40: =AVERAGE(N40:S40) -> 0.27915656 | AB40: =(AB36-AB39)/AB39 -> 0.18542382 | AG40: Sep | AH40: 178.73 | AI40: 195.60533 | AK40: 374.33533
M41: 2023 Outages | N41: 453.4398 | O41: 503.9216 | P41: 462.3153 | Q41: 311.645 | R41: 238.36467 | S41: 246.243 | T41: 142.38567 | U41: 272.15967 | V41: 347.09167 | W41: 570.43267 | X41: 254.687 | Y41: 57.101667 | Z41: =AVERAGE(N41:Y41) -> 321.64898 | AA41: =AVERAGE(N41:S41) -> 369.32156 | AB41: =AVERAGE(S41:Y41) -> 270.01448 | AG41: Oct | AH41: 290.5279 | AI41: 321.95806 | AK41: 612.48597
M42: vs 2026 | N42: =(N36-N41)/N41 -> -0.12457288 | O42: =(O36-O41)/O41 -> 0.25813222 | P42: =(P36-P41)/P41 -> -0.22033194 | Q42: =(Q36-Q41)/Q41 -> 0.30793868 | R42: =(R36-R41)/R41 -> 0.27951483 | S42: =(S36-S41)/S41 -> -0.095003265 | T42: =(T36-T41)/T41 -> 0.62660416 | U42: =(U36-U41)/U41 -> -0.16047585 | ... Y42: =(Y36-Y41)/Y41 -> 2.262057 | Z42: =(#REF!-Z41)/Z41 -> #REF! | AA42: =AVERAGE(N42:S42) -> 0.067612941 | AB42: =(AB36-AB41)/AB41 -> -0.03829025 | AG42: Nov | AH42: 76.9545 | AI42: 40.338333 | AK42: 117.29283
K43: 26 ‘25, 24, & '23 Planned ONLY | M43: 2026 Plan | N43: =N64 -> 328.24145 | O43: =O64 -> 558.51607 | P43: =P64 -> 274.28306 | Q43: =Q64 -> 207 | R43: =R64 -> 193 | S43: =S64 -> 133 | T43: =T64 -> 129.06452 | U43: =U64 -> 129.69355 | V43: 200 | W43: 253 | X43: =X64 -> 155.47075 | Y43: =Y64 -> 128 | Z43: =(N43*(31/90))+(O43*(28/90))+(P43*(31/90)) -> 381.29678 | AA43: =AVERAGE(N43:S43) -> 282.3401 | AB43: =AVERAGE(S43:Y43) -> 161.17554 | AD43: =AB43-AB44 -> -67.660455 | AG43: Grand Total | AH43: 2053.5758 | AI43: 1564.6873 | AJ43: 892.47149 | AK43: 4510.7346
M44: 2025 Outages | N44: =246.335483870968+5 -> 251.33548 | O44: =268.776785714286+64.5 -> 333.27679 | P44: =126.851612903226+128 -> 254.85161 | Q44: =173.528333333+128 -> 301.52833 | R44: =56.6138064516129+128 -> 184.61381 | S44: 145.93333 | T44: 129.85806 | U44: 187.66237 | V44: 324.902 | W44: 437.5629 | X44: 247.93333 | Y44: 128 | Z44: =(N44*(31/90))+(O44*(28/90))+(P44*(31/90)) -> 278.03944 | AA44: =AVERAGE(N44:S44) -> 245.25656 | AB44: =AVERAGE(S44:Y44) -> 228.836
M45: vs 2026 | N45: =(N43-N44)/N44 -> 0.3059893 | O45: =(O43-O44)/O44 -> 0.67583251 | P45: =(P43-P44)/P44 -> 0.076246139 | Q45: =(Q43-Q44)/Q44 -> -0.31349735 | R45: =(R43-R44)/R44 -> 0.045425603 | S45: =(S$43-S44)/S44 -> -0.088624943 | T45: =(T$43-T44)/T44 -> -0.0061108903 | U45: =(U$43-U44)/U44 -> -0.30889953 | V45: =(V$43-V44)/V44 -> -0.38442977 | W45: =(W$43-W44)/W44 -> -0.42179742 | X45: =(X$43-X44)/X44 -> -0.37293325 | Y45: =(Y$43-Y44)/Y44 -> 0 | Z45: =(Z43-Z44)/Z44 -> 0.37137656 | AA45: =AVERAGE(N45:S45) -> 0.11689521 | AB45: =(AB43-AB44)/AB44 -> -0.29567225
M46: 2024 Outages | N46: 347.97645 | O46: 495 | P46: 237.86139 | Q46: 80.508333 | R46: 22.800161 | S46: 59.756667 | T46: 52.009677 | U46: 102.17081 | V46: 158.99667 | W46: 284.10855 | X46: 76.5545 | Y46: 0 | Z46: =(N46*(31/90))+(O46*(28/90))+(P46*(31/90)) -> 355.78859 | AA46: =AVERAGE(N46:S46) -> 207.31717 | AB46: =AVERAGE(S46:Y46) -> 104.79955 | AG46: bi
M47: vs 2026 | N47: =(N43-N46)/N46 -> -0.056713608 | O47: =(O43-O46)/O46 -> 0.1283153 | P47: =(P43-P46)/P46 -> 0.15312142 | Q47: =(Q43-Q46)/Q46 -> 1.5711624 | R47: =(R43-R46)/R46 -> 7.4648524 | S47: =(S$43-S46)/S46 -> 1.2256931 | T47: =(T43-T46)/T46 -> 1.4815481 | U47: =(U43-U46)/U46 -> 0.26937971 | V47: =(V43-V46)/V46 -> 0.25788801 | W47: =(W43-W46)/W46 -> -0.10949529 | X47: =(X43-X46)/X46 -> 1.0308506 | Y47: =(Y43-Y46)/Y46 -> #DIV/0! | Z47: =(Z43-Z46)/Z46 -> 0.071694789 | AA47: =AVERAGE(N47:S47) -> 1.7477385 | AB47: =(AB43-AB46)/AB46 -> 0.53794116 | AG47: Sum of [Selected_Measure_Yield] | AH47: Column Labels
M48: 2023 Outages | N48: 238.07847 | O48: 467.7776 | P48: 370.22563 | Q48: 218.85433 | R48: 116.55783 | S48: 63.005667 | T48: 1.7406667 | U48: 63.729 | V48: 165.49833 | W48: 445.019 | X48: 196.645 | Y48: 29.198333 | Z48: =(N48*(31/90))+(O48*(28/90))+(P48*(31/90)) -> 355.05778 | AA48: =AVERAGE(N48:S48) -> 245.74992 | AB48: =AVERAGE(S48:Y48) -> 137.83371 | AH48: 2023 | AI48: 2024 | AJ48: 2025 | AK48: 2026
M49: vs 2026 | N49: =(N43-N48)/N48 -> 0.37871121 | O49: =(O43-O48)/O48 -> 0.1939778 | P49: =(P43-P48)/P48 -> -0.25914621 | Q49: =(Q43-Q48)/Q48 -> -0.054165404 | R49: =(R43-R48)/R48 -> 0.65583037 | S49: =(S43-S48)/S48 -> 1.1109212 | T49: =(T43-T48)/T48 -> 73.146601 | U49: =(U43-U48)/U48 -> 1.035079 | ... Z49: =(Z43-Z48)/Z48 -> 0.073900652 | AA49: =AVERAGE(N49:S49) -> 0.33768817 | AB49: =(AB43-AB48)/AB48 -> 0.16934776 | AG49: Row Labels
AG50: Jan | AH50: 420.20239 | AI50: 818.41458 | AJ50: 288.47903 | AK50: 182.74677
M51: 2025 Unplanned Outages | N51: =N69 -> 241.02526 | O51: =O69 -> 268.81721 | P51: =P69 -> 259.52437 | Q51: =Q69 -> 161.699 | R51: =R69 -> 159.36971 | S51: =S37-S44 -> 76.066667 | T51: =T37-T44 -> 123.14194 | U51: =U37-U44 -> 120.45663 | V51: =V37-V44 -> 76.284 | W51: =W37-W44 -> 325.9371 | X51: =X37-X44 -> 172.99667 | Y51: =Y37-Y44 -> 10 | AA51: =AVERAGE(N51:S51) -> 194.41704 | AB51: =AVERAGE(S51:Y51) -> 129.269 | AG51: Feb | AH51: 682.32993 | AI51: 1135.9814 | AJ51: 713.39214 | AK51: 301.81554
M52: 2024 Unplanned Outages | N52: =N39-N46 -> 61.633548 | O52: =O39-O46 -> -41.211946 | P52: =P39-P46 -> 258.46661 | Q52: =Q39-Q46 -> 182.35873 | R52: =R39-R46 -> 166.35226 | S52: =S39-S46 -> 97.243333 | T52: =T39-T46 -> 176.99032 | U52: =U39-U46 -> 97.829194 | ... Y52: =Y39-Y46 -> 12 | Z52: =Z37-Z44 -> -278.03944 | AA52: =AVERAGE(N52:S52) -> 120.80709 | AB52: =AVERAGE(N52:Y52) -> 118.95019 | AG52: Mar | AH52: 610.4161 | AI52: 587.1049 | AJ52: 588.23581 | AK52: 156.04268
M53: 2023 Unplanned Outages | N53: =N41-N48 -> 215.36133 | O53: =O41-O48 -> 36.144 | P53: =P41-P48 -> 92.089667 | Q53: =Q41-Q48 -> 92.790667 | R53: =R41-R48 -> 121.80683 | S53: =S41-S48 -> 183.23733 | T53: =T41-T48 -> 140.645 | U53: =U41-U48 -> 208.43067 | ... Y53: =Y41-Y48 -> 27.903333 | Z53: =AVERAGE(N53:Y53) -> 123.62149 | AA53: =AVERAGE(N53:S53) -> 123.57164 | AB53: =AVERAGE(S53:Y53) -> 132.18076 | AG53: Apr | AH53: 446.31633 | AI53: 411.00817 | AJ53: 78.730833 | AK53: 31.1884
N54: =AVERAGE(N51:N53) -> 172.67338 | O54: =O53+0.3*O51 -> 116.78916 | P54: =AVERAGE(P51:P53) -> 203.36021 | Q54: =AVERAGE(Q51:Q53) -> 145.61613 | R54: =AVERAGE(R51:R53) -> 149.17627 | S54: =AVERAGE(S51:S53) -> 118.84911 | T54: =AVERAGE(T51:T53) -> 146.92575 | U54: =AVERAGE(U51:U53) -> 142.23883 | V54: =AVERAGE(V51:V53) -> 139.29356 | W54: =AVERAGE(W51:W53) -> 172.08074 | X54: =AVERAGE(X52:X53) -> 124.44375 | Y54: =AVERAGE(Y51:Y53) -> 16.634444 | Z54: =AVERAGE(N54:Y54) -> 137.34011 | AB54: =AVERAGE(S54:Y54) -> 122.92374 | AG54: May | AH54: 301.50048 | AI54: 244.82677 | AJ54: 6.4919355 | AK54: 14.561613
N55: =N36-N43 -> 68.712048 | O55: =O36-O43 -> 75.483929 | P55: =P36-P43 -> 86.16941 | Q55: =Q36-Q43 -> 200.61255 | R55: =R36-R43 -> 111.99113 | S55: =S54*1-29 -> 89.849111 | T55: =T54*0.8-15 -> 102.5406 | U55: =U54*0.8-15 -> 98.791065 | V55: =V54*0.8 -> 111.43484 | W55: =W54*0.75 -> 129.06055 | X55: =X54*0.8 -> 99.555 | Y55: =Y54*2+25 -> 58.268889 | AG55: Jun | AH55: 302.91233 | AI55: 184.1195 | AJ55: 1.6333333 | AK55: 8.25
Y56: 93 | AG56: Jul | AH56: 259.14387 | AI56: 30.447581 | AJ56: 8.9806452
M57: 22-23 avg | N57: 169.186 | O57: 114.81157 | P57: 60.986536 | Q57: 71.8113 | R57: 104.6083 | S57: 122 | Y57: =Y55-Y56 -> -34.731111 | AG57: Aug | AH57: 278.36097 | AI57: 69.406452 | AJ57: 9.6
N58: 169.186 | O58: 114.81157 | P58: 60.986536 | Q58: 71.8113 | R58: 104.6083 | S58: =S57*0.8 -> 97.6 | AG58: Sep | AH58: 528.285 | AI58: 113.37067 | AJ58: 122.007
AG59: Oct | AH59: 1096.9484 | AI59: 329.23003 | AJ59: 322.8029
N60: =N36+128 -> 524.9535 | O60: =O36+128 -> 762 | P60: =P36+128 -> 488.45247 | Q60: =Q36+128 -> 535.61255 | R60: =R36+128 -> 432.99113 | S60: =S36+128 -> 350.84911 | AG60: Nov | AH60: 620.05 | AI60: 166.4423 | AJ60: 57.464667
AG61: Dec | AH61: 230.55961 | AI61: 14.500968 | AJ61: 4.6451613
N62: 200.24145 | O62: 430.51607 | P62: 146.28306 | Q62: 79 | R62: 65 | S62: 5 | T62: 1.0645161 | U62: 1.6935484 | V62: 132.03875 | W62: 94.6519 | X62: 27.47075 | Y62: 0 | Z62: 34.6 | AA62: 5.7666667 | AG62: Grand Total | AH62: 5777.0254 | AI62: 4104.8533 | AJ62: 2202.4635 | AK62: 694.605
N63: 128 | O63: 128 | P63: 128 | Q63: 128 | R63: 128 | S63: 128 | T63: 128 | U63: 128 | V63: 128 | W63: 128 | X63: 128 | Y63: 128
N64: =SUM(N62:N63) -> 328.24145 | O64: =SUM(O62:O63) -> 558.51607 | P64: =SUM(P62:P63) -> 274.28306 | Q64: =SUM(Q62:Q63) -> 207 | R64: =SUM(R62:R63) -> 193 | S64: =SUM(S62:S63) -> 133 | T64: =SUM(T62:T63) -> 129.06452 | U64: =SUM(U62:U63) -> 129.69355 | ... Y64: =SUM(Y62:Y63) -> 128
N67: ='June Monthly updated 725'!P822*-1 -> 487.36074 | O67: ='June Monthly updated 725'!Q822*-1 -> 537.594 | P67: ='June Monthly updated 725'!R822*-1 -> 386.37598 | Q67: ='June Monthly updated 725'!S822*-1 -> 335.22733 | R67: ='June Monthly updated 725'!T822*-1 -> 215.98352 | S67: ='June Monthly updated 725'!U822*-1 -> 94.06 | T67: ='June Monthly updated 725'!V822*-1 -> 125.695 | U67: ='June Monthly updated 725'!W822*-1 -> 0 | ... AB67: ='June Monthly updated 725'!AD822*-1 -> 25.748571
N68: =246.335483870968 -> 246.33548 | O68: =268.776785714286 -> 268.77679 | P68: =126.851612903226 -> 126.85161 | Q68: =173.528333333 -> 173.52833 | R68: =56.6138064516129 -> 56.613806 | S68: =17.9333333333333 -> 17.933333 | T68: =1.85806451612903 -> 1.8580645
N69: =N67-N68 -> 241.02526 | O69: =O67-O68 -> 268.81721 | P69: =P67-P68 -> 259.52437 | Q69: =Q67-Q68 -> 161.699 | R69: =R67-R68 -> 159.36971 | S69: =S67-S68 -> 76.126667 | T69: =T67-T68 -> 123.83694
M71: 46192 | N71: 396.9535 | O71: 634 | P71: 360.45247 | Q71: 407.61255 | R71: 304.99113 | S71: 222.84911 | T71: 231.60512 | U71: 228.48461 | V71: 311.43484 | W71: 382.06055 | X71: 255.02575 | Y71: 186.26889
N72: =N71-N36 -> 0 | O72: =O71-O36 -> 0 | P72: =P71-P36 -> 0 | Q72: =Q71-Q36 -> 0 | R72: =R71-R36 -> 0 | S72: =S71-S36 -> 0 | T72: =T71-T36 -> 0 | U72: =U71-U36 -> 0 | ... Y72: =Y71-Y36 -> 0
P74: 4240 | Q74: =P74+Q34 -> 4192.8399
Q75: 4250 | R75: =Q75+R34 -> 4352.6214
R76: =R75*0.9725 -> 4232.9243 | S76: =R76+S34 -> 4315.0663 | T76: =S76+T34 -> 4306.3103 | U76: =T76+U34 -> 4309.4308 | V76: =U76+V34 -> 4226.4806
V77: =V76*1.02+7 -> 4318.0102 | W77: =V77+W34 -> 4247.3845
W78: =W77*1.025+3 -> 4356.5691 | X78: =W78+X34 -> 4483.6039
X79: =X78*1.012 -> 4537.4072 | Y79: =X79+Y34 -> 4606.164
N90: Jan | O90: Feb | P90: Mar | Q90: Apr | R90: May | S90: Jun | T90: Jul | U90: Aug | V90: Sep | W90: Oct | X90: Nov | Y90: Dec
K91: 26 ‘25, 24, & '23 Planned ONLY | M91: 2026 Plan | N91: =N62 -> 200.24145 | O91: =O62 -> 430.51607 | P91: =P62 -> 146.28306 | Q91: =Q62 -> 79 | R91: =R62 -> 65 | S91: =S62 -> 5 | T91: =T62 -> 1.0645161 | U91: =U62 -> 1.6935484 | ... Y91: =Y62 -> 0
M92: 2025 Outages | N92: 246.33548 | O92: 268.77679 | P92: 126.85161 | Q92: 173.52833 | R92: 56.613806 | S92: 17.933333 | T92: 1.8580645 | U92: 59.662366 | V92: 196.902 | W92: 309.5629 | X92: 119.93333 | Y92: 0
M93: vs 2026 | N93: =(N91-N92)/N92 -> -0.18711893 | O93: =(O91-O92)/O92 -> 0.60176062 | P93: =(P91-P92)/P92 -> 0.15318253 | Q93: =(Q91-Q92)/Q92 -> -0.54474293 | R93: =(R91-R92)/R92 -> 0.14812983 | S93: =(S91-S92)/S92 -> -0.72118959 | T93: =(T91-T92)/T92 -> -0.42708333 | U93: =(U91-U92)/U92 -> -0.97161446 | ... AB93: =(AB91-AB92)/AB92 -> #DIV/0!
M94: 2024 Outages | N94: =N46 -> 347.97645 | O94: =O46 -> 495 | P94: =P46 -> 237.86139 | Q94: =Q46 -> 80.508333 | R94: =R46 -> 22.800161 | S94: =S46 -> 59.756667 | T94: =T46 -> 52.009677 | U94: =U46 -> 102.17081 | ... Y94: =Y46 -> 0
M95: vs 2026 | N95: =(N$91-N94)/N94 -> -0.42455459 | O95: =(O$91-O94)/O94 -> -0.13027056 | P95: =(P$91-P94)/P94 -> -0.38500711 | Q95: =(Q$91-Q94)/Q94 -> -0.018735121 | R95: =(R$91-R94)/R94 -> 1.850857 | S95: =(S$91-S94)/S94 -> -0.91632733 | T95: =(T$91-T94)/T94 -> -0.97953235
M96: 2023 Outages | N96: =N48 -> 238.07847 | O96: =O48 -> 467.7776 | P96: =P48 -> 370.22563 | Q96: =Q48 -> 218.85433 | R96: =R48 -> 116.55783 | S96: =S48 -> 63.005667 | T96: =T48 -> 1.7406667 | U96: =U48 -> 63.729 | ... Y96: =Y48 -> 29.198333
M97: vs 2026 | N97: =(N91-N96)/N96 -> -0.15892666 | O97: =(O91-O96)/O96 -> -0.079656505 | P97: =(P91-P96)/P96 -> -0.60488132 | Q97: =(Q91-Q96)/Q96 -> -0.63902931 | R97: =(R91-R96)/R96 -> -0.44233692 | S97: =(S91-S96)/S96 -> -0.92064206 | T97: =(T91-T96)/T96 -> -0.38844343 | U97: =(U91-U96)/U96 -> -0.97342578 | ... AB97: =(AB91-AB96)/AB96 -> #DIV/0!

Sheet P4 - 2026
B2: 46023 | C2: 46054 | D2: 46082 | E2: 46113 | F2: 46143 | G2: 46174 | H2: 46204 | I2: 46235 | J2: 46266 | K2: 46296 | L2: 46327 | M2: 46357
A3: 2026 Enhanced Golden Record | B3: =IFERROR(VLOOKUP(B2,'[1]PADD 4 Query'!$G:$M,7,FALSE),"") | C3: =IFERROR(VLOOKUP(C2,'[1]PADD 4 Query'!$G:$M,7,FALSE),"") -> 7.358625 | D3: =IFERROR(VLOOKUP(D2,'[1]PADD 4 Query'!$G:$M,7,FALSE),"") -> 26.81515 | E3: =IFERROR(VLOOKUP(E2,'[1]PADD 4 Query'!$G:$M,7,FALSE),"") -> 65.6752 | F3: =IFERROR(VLOOKUP(F2,'[1]PADD 4 Query'!$G:$M,7,FALSE),"") -> 31.8876 | G3: =IFERROR(VLOOKUP(G2,'[1]PADD 4 Query'!$G:$M,7,FALSE),"") -> 2.925 | H3: =IFERROR(VLOOKUP(H2,'[1]PADD 4 Query'!$G:$M,7,FALSE),"") | I3: =IFERROR(VLOOKUP(I2,'[1]PADD 4 Query'!$G:$M,7,FALSE),"") | ... M3: =IFERROR(VLOOKUP(M2,'[1]PADD 4 Query'!$G:$M,7,FALSE),"")
A4: 46192 | C4: 7.358625 | D4: 26.81515 | E4: 65.6752 | F4: 31.8876 | G4: 2.925 | K4: 3.353625
A5: 2026 Offline Outage file | C5: 18.75 | D5: 54.928548 | E5: 50.530833 | F5: 3.0141935 | K5: 8.1025613 | L5: 2.6101
A6: delta between outage dashboard and manual process | C6: =C5-C3 -> 11.391375 | D6: =D5-D3 -> 28.113398 | E6: =E5-E3 -> -15.144367 | F6: =F5-F3 -> -28.873406 | K6: =K5-K3 -> 4.7489363 | L6: =L5-L3 -> #VALUE!
A7: delta between outage dashboard and previous dashboard | C7: =C4-C3 -> 0 | D7: =D4-D3 -> 0 | E7: =E4-E3 -> 0 | F7: =F4-F3 -> 0 | G7: =G4-G3 -> 0 | H7: =H4-H3 -> #VALUE! | I7: =I4-I3 -> #VALUE! | J7: =J4-J3 -> #VALUE! | ... M7: =M4-M3 -> #VALUE!
D8: =C3-D3 -> -19.456525 | E8: =D3-E3 -> -38.86005 | F8: =E3-F3 -> 33.7876

Sheet P5 - 2026
Q2: P5 2025 Planned Offline Mogas Production (KBD)
R5: 46388 | S5: 46419 | T5: 46447 | U5: 46478 | V5: 46508 | W5: 46539 | X5: 46569 | Y5: 46600 | Z5: 46631 | AA5: 46661 | AB5: 46692 | AC5: 46722
Q6: 2027 Planned | R6: =IFERROR(VLOOKUP(R5,'[1]PADD 5 Planned'!$G:$M,7,FALSE),0) -> 62.325 | S6: =IFERROR(VLOOKUP(S5,'[1]PADD 5 Planned'!$G:$M,7,FALSE),0) -> 74.5459 | T6: =IFERROR(VLOOKUP(T5,'[1]PADD 5 Planned'!$G:$M,7,FALSE),0) -> 32.1112 | U6: =IFERROR(VLOOKUP(U5,'[1]PADD 5 Planned'!$G:$M,7,FALSE),0) -> 0.805875 | V6: =IFERROR(VLOOKUP(V5,'[1]PADD 5 Planned'!$G:$M,7,FALSE),0) -> 8.372 | W6: =IFERROR(VLOOKUP(W5,'[1]PADD 5 Planned'!$G:$M,7,FALSE),0) -> 0 | X6: =IFERROR(VLOOKUP(X5,'[1]PADD 5 Planned'!$G:$M,7,FALSE),0) -> 0 | Y6: =IFERROR(VLOOKUP(Y5,'[1]PADD 5 Planned'!$G:$M,7,FALSE),0) -> 0 | ... AC6: =IFERROR(VLOOKUP(AC5,'[1]PADD 5 Planned'!$G:$M,7,FALSE),0) -> 0
Q7: 2027 Planned with rationalizations | R7: =R6+103+65+19 -> 249.325 | S7: =S6+103+65+19 -> 261.5459 | T7: =T6+103+65+19 -> 219.1112 | U7: =U6+103+65+19 -> 187.80588 | V7: =V6+103+65+19 -> 195.372 | W7: =W6+103+65+19 -> 187 | X7: =X6+103+65+19 -> 187 | Y7: =Y6+103+65+19 -> 187 | ... AC7: =AC6+103+65+19 -> 187
Q8: 2026 Planned | R8: =IFERROR(VLOOKUP(R9,'[1]PADD 5 Planned'!$G:$M,7,FALSE),0) -> 18.624 | S8: =IFERROR(VLOOKUP(S9,'[1]PADD 5 Planned'!$G:$M,7,FALSE),0) -> 32.3515 | T8: =IFERROR(VLOOKUP(T9,'[1]PADD 5 Planned'!$G:$M,7,FALSE),0) -> 24.8035 | U8: =IFERROR(VLOOKUP(U9,'[1]PADD 5 Planned'!$G:$M,7,FALSE),0) -> 45.91725 | V8: =IFERROR(VLOOKUP(V9,'[1]PADD 5 Planned'!$G:$M,7,FALSE),0) -> 41.4345 | W8: =IFERROR(VLOOKUP(W9,'[1]PADD 5 Planned'!$G:$M,7,FALSE),0) -> 15.34525 | X8: =IFERROR(VLOOKUP(X9,'[1]PADD 5 Planned'!$G:$M,7,FALSE),0) -> 24.78575 | Y8: =IFERROR(VLOOKUP(Y9,'[1]PADD 5 Planned'!$G:$M,7,FALSE),0) -> 3.53275 | ... AC8: =IFERROR(VLOOKUP(AC9,'[1]PADD 5 Planned'!$G:$M,7,FALSE),0) -> 3.12
R9: 46023 | S9: 46054 | T9: 46082 | U9: 46113 | V9: 46143 | W9: 46174 | X9: 46204 | Y9: 46235 | Z9: 46266 | AA9: 46296 | AB9: 46327 | AC9: 46357
Q10: 2026 Enhanced Golden Record | R10: =IFERROR(VLOOKUP(R9,'[1]PADD 5 Query'!$G:$M,7,FALSE),0) -> 90.652 | S10: =IFERROR(VLOOKUP(S9,'[1]PADD 5 Query'!$G:$M,7,FALSE),0) -> 130.5155 | T10: =IFERROR(VLOOKUP(T9,'[1]PADD 5 Query'!$G:$M,7,FALSE),0) -> 90.93975 | U10: =IFERROR(VLOOKUP(U9,'[1]PADD 5 Query'!$G:$M,7,FALSE),0) -> 200.10333 | V10: =IFERROR(VLOOKUP(V9,'[1]PADD 5 Query'!$G:$M,7,FALSE),0) -> 94.5135 | W10: =IFERROR(VLOOKUP(W9,'[1]PADD 5 Query'!$G:$M,7,FALSE),0) -> 20.3925 | X10: =IFERROR(VLOOKUP(X9,'[1]PADD 5 Query'!$G:$M,7,FALSE),0) -> 19.7385 | Y10: =IFERROR(VLOOKUP(Y9,'[1]PADD 5 Query'!$G:$M,7,FALSE),0) -> 3.53275 | ... AC10: =IFERROR(VLOOKUP(AC9,'[1]PADD 5 Query'!$G:$M,7,FALSE),0) -> 3.12 | AH10: jan | AI10: feb | AJ10: mar | AK10: apr | AL10: may | AM10: jun
R11: =R10+R42+R43 -> 174.652 | S11: =S10+S42+S43+S45 -> 281.7155 | T11: =T10+T42+T43+T45 -> 277.93975 | U11: =U10+U42+U43+U45 -> 387.10333 | V11: =V10+V42+V43+V45 -> 281.5135 | W11: =W10+W42+W43+W45 -> 207.3925 | X11: =X10+X42+X43+X45 -> 206.7385 | Y11: =Y10+Y42+Y43+Y45 -> 190.53275 | Z11: =Z10+Z42+Z43+Z45 -> 214.175 | ... AC11: =AC10+AC42+AC43+AC45 -> 190.12
R12: =R15-R11 -> 7.3434875 | S12: =(S15)-S11 -> 4.0963475 | T12: =(T15+14)-T11 -> 16.16125 | U12: =U15-U11 -> 0 | V12: =V15-V11 -> -1.9605 | W12: =W15-W11 -> 21.63125 | X12: =X22-X11 -> 13.844 | Y12: =Y22-Y11 -> -3.53275 | Z12: =Z22-Z11 -> -12.175 | AA12: =AA22-AA11 -> 15.18075 | AB12: =AB22-AB11 -> 12.2247 | AC12: =AC22-AC11 -> 0
S13: =R15-S15 -> -103.81636 | T13: =S15-T15 -> 5.7108475 | U13: =T15-U15 -> -107.00233 | V13: =U15-V15 -> 107.55033 | W13: =V15-W15 -> 50.52925 | X13: =W15-X15 -> -23.75734 | Y13: =X15-Y15 -> 34.138267 | Z13: =Y15-Z15 -> -42.115511 | ... AC13: =AB15-AC15 -> 69.895474 | AH13: -107.51145 | AI13: -160.53304 | AJ13: -206.75565 | AK13: -256.96167 | AL13: -181.41016 | AM13: -102.61367
R14: Jan | S14: Feb | T14: Mar | U14: Apr | V14: May | W14: Jun | X14: Jul | Y14: Aug | Z14: Sep | AA14: Oct | AB14: Nov | AC14: Dec | AD14: Jan | AG14: 2025 | AH14: =AH13*-1 -> 107.51145 | AI14: =AI13*-1 -> 160.53304 | AJ14: =AJ13*-1 -> 206.75565 | AK14: =AK13*-1 -> 256.96167 | AL14: =AL13*-1 -> 181.41016 | AM14: =AM13*-1 -> 102.61367
O15: 26 ‘25, 24, & '23 Planned & Unplanned | Q15: 2026 Plan + Unplanned | R15: =138.9954875+43 -> 181.99549 | S15: 285.81185 | T15: 280.101 | U15: 387.10333 | V15: 279.553 | W15: =W22+W30 -> 229.02375 | X15: =X22+X30 -> 252.78109 | Y15: =Y22+Y30 -> 218.64282 | Z15: =Z22+Z30 -> 260.75833 | AA15: =AA22+AA30 -> 323.88601 | AB15: =AB22+AB30 -> 313.12322 | AC15: =AC22+AC30 -> 243.22774 | AD15: =AD22+AD30 -> 374.40627
Q16: 2025 Outages | R16: =R38 -> 107.51145 | S16: =S38 -> 160.53304 | T16: =T38 -> 206.75565 | U16: =U38 -> 256.96167 | V16: =V38 -> 181.41016 | W16: 102.614 | X16: 66.1371 | Y16: 74.2575 | Z16: 103.175 | AA16: 322.5731 | AB16: 355.53 | AC16: 159.79 | AD16: =AD38 -> 0
Q17: vs 2026 | R17: =(R$15-R16)/R16 -> 0.69280095 | S17: =(S$15-S16)/S16 -> 0.78039272 | T17: =(T$15-T16)/T16 -> 0.35474415 | U17: =(U$15-U16)/U16 -> 0.50646332 | V17: =(V$15-V16)/V16 -> 0.54099968 | W17: =(W$15-W16)/W16 -> 1.2318957 | X17: =(X$15-X16)/X16 -> 2.822077 | Y17: =(Y$15-Y16)/Y16 -> 1.9443871 | ... AD17: =(AD$15-AD16)/AD16 -> #DIV/0! | AH17: -76.529032 | AI17: -123.27586 | AJ17: -98.316129 | AK17: -103.94833 | AL17: -100.94839
Q18: 2024 Outages | R18: 76.529032 | S18: 123.27586 | T18: 98.316129 | U18: 103.94833 | V18: 100.94839 | W18: 185.8 | X18: 4.2 | Y18: 20.7 | Z18: 108.1 | AA18: 135.2 | AB18: 75.9 | AC18: 40.5 | AD18: 37.6 | AG18: 2024 | AH18: =-1*AH17 -> 76.529032 | AI18: =-1*AI17 -> 123.27586 | AJ18: =-1*AJ17 -> 98.316129 | AK18: =-1*AK17 -> 103.94833 | AL18: =-1*AL17 -> 100.94839
Q19: vs 2026 | R19: =(R15-R18)/R18 -> 1.3781235 | S19: =(S15-S18)/S18 -> 1.3184737 | T19: =(T15-T18)/T18 -> 1.8489832 | U19: =(U15-U18)/U18 -> 2.7239974 | V19: =(V15-V18)/V18 -> 1.7692666 | W19: =(W$15-W18)/W18 -> 0.2326359 | X19: =(X$15-X18)/X18 -> 59.185974 | Y19: =(Y$15-Y18)/Y18 -> 9.5624552 | Z19: =(Z$15-Z18)/Z18 -> 1.4121955 | AA19: =(AA$15-AA18)/AA18 -> 1.3956066 | AB19: =(AB$15-AB18)/AB18 -> 3.1254706 | AC19: =(AC$15-AC18)/AC18 -> 5.0056233 | AD19: =(AD$15-AD18)/AD18 -> 8.9576135
Q20: 2023 Outages | R20: 125.1 | S20: 118.5 | T20: 126.3 | U20: 17.7 | V20: 93.3 | W20: 30.6 | X20: 20.5 | Y20: 30.5 | Z20: 37.3 | AA20: 156 | AB20: 151.7 | AC20: 42.5 | AD20: 136.6
Q21: vs 2026 | R21: =(R15-R20)/R20 -> 0.45480006 | S21: =(S15-S20)/S20 -> 1.4119143 | T21: =(T15-T20)/T20 -> 1.2177435 | U21: =(U15-U20)/U20 -> 20.870244 | V21: =(V15-V20)/V20 -> 1.9962808 | W21: =(W15-W20)/W20 -> 6.4844363 | X21: =(X15-X20)/X20 -> 11.330785 | Y21: =(Y15-Y20)/Y20 -> 6.1686171 | ... AD21: =(AD15-AD20)/AD20 -> 1.7408951
O22: 26 ‘25, 24, & '23 Planned ONLY | Q22: 2026 Plan | R22: =R44+R45 -> 110.08425 | S22: =S44+S45 -> 186.08 | T22: =T44+T45 -> 216.8635 | U22: =U44+U45 -> 212.59225 | V22: =V44+V45 -> 210.96825 | W22: =W44+W45 -> 206.92025 | X22: =X44+X45 -> 220.5825 | Y22: =Y44+Y45 -> 187 | ... AC22: =AC44+AC45 -> 190.12 | AD22: =AD44 -> 404.67721 | AF22: =(#REF!-#REF!)*30*4 -> #REF! | AG22: =#REF!-148 -> #REF!
Q23: 2025 Outages | R23: 67.519355 | S23: 70.993088 | T23: 89.196774 | U23: 102.4 | V23: 41.532258 | W23: 19.7 | X23: 0.77419355 | Y23: 0.92903226 | Z23: 38 | AA23: 177.15237 | AB23: 192.38233 | AC23: 93.574516 | AD23: =AVERAGE(R23:AC23) -> 74.512826
Q24: vs 2026 | R24: =IFERROR((R22-R23)/R23,"") -> 0.63041028 | S24: =IFERROR((S22-S23)/S23,"") -> 1.6211003 | T24: =IFERROR((T22-T23)/T23,"") -> 1.4312931 | U24: =IFERROR((U22-U23)/U23,"") -> 1.0760962 | V24: =IFERROR((V22-V23)/V23,"") -> 4.0796239 | W24: =IFERROR((W22-W23)/W23,"") -> 9.503566 | X24: =IFERROR((X22-X23)/X23,"") -> 283.91906 | Y24: =IFERROR((Y22-Y23)/Y23,"") -> 200.28472 | ... AD24: =IFERROR((AD22-AD23)/AD23,"") -> 4.4309739 | AH24: 25.909677 | AI24: 8.3725 | AJ24: 11.34 | AK24: 118.53933 | AL24: 129.53409 | AM24: 117.55667 | AN24: 103.05 | AO24: 103.05 | AP24: 103.05 | AQ24: 103.05 | AR24: 103.05 | AS24: 103.05
Q25: 2024 Outages | R25: 33.18871 | S25: 51.103448 | T25: 71.543333 | U25: 107.34333 | V25: 163.27452 | W25: 151.4 | X25: 3.6 | Y25: 1.7 | Z25: 6.6 | AA25: 8.6 | AB25: 2.5 | AC25: 0.5 | AD25: 158.4 | AH25: =65+19 -> 84 | AI25: =65+19 -> 84 | AJ25: =65+19 -> 84 | AK25: =65+19 -> 84 | AL25: =65+19 -> 84 | AM25: =65+19 -> 84 | AN25: =65+19 -> 84 | AO25: =65+19 -> 84 | ... AS25: =65+19 -> 84
Q26: vs 2026 | R26: =(R22-R25)/R25 -> 2.3169186 | S26: =(S22-S25)/S25 -> 2.6412416 | T26: =(T22-T25)/T25 -> 2.0312188 | U26: =(U22-U25)/U25 -> 0.98048862 | V26: =(V22-V25)/V25 -> 0.29210764 | W26: =(W22-W25)/W25 -> 0.36671235 | X26: =(X22-X25)/X25 -> 60.272917 | Y26: =(Y22-Y25)/Y25 -> 109 | ... AD26: =(AD22-AD25)/AD25 -> 1.5547804 | AH26: =SUM(AH24:AH25) -> 109.90968 | AI26: =SUM(AI24:AI25) -> 92.3725 | AJ26: =SUM(AJ24:AJ25) -> 95.34 | AK26: =SUM(AK24:AK25) -> 202.53933 | AL26: =SUM(AL24:AL25) -> 213.53409 | AM26: =SUM(AM24:AM25) -> 201.55667 | AN26: =SUM(AN24:AN25) -> 187.05 | AO26: =SUM(AO24:AO25) -> 187.05 | ... AS26: =SUM(AS24:AS25) -> 187.05
Q27: 2023 Outages | R27: 80.9 | S27: 150.8 | T27: 65 | U27: 132.5 | V27: 93 | W27: 25.1 | X27: 0 | Y27: 27.9 | Z27: 27.7 | AA27: 149.3 | AB27: 108.3 | AC27: 27 | AD27: 32.1
Q28: vs 2026 | R28: =(R22-R27)/R27 -> 0.36074475 | S28: =(S22-S27)/S27 -> 0.23395225 | T28: =(T22-T27)/T27 -> 2.3363615 | U28: =(U22-U27)/U27 -> 0.60446981 | V28: =(V22-V27)/V27 -> 1.2684758 | W28: =(W22-W27)/W27 -> 7.2438347 | X28: =(X22-X27)/X27 -> #DIV/0! | Y28: =(Y22-Y27)/Y27 -> 5.702509 | ... AD28: =(AD22-AD27)/AD27 -> 11.606767
Q30: 2026 Unplanned Outages Estimate | R30: =R15-R22 -> 71.911237 | S30: =S15-S22 -> 99.731848 | T30: =T15-T22 -> 63.2375 | U30: =U15-U22 -> 174.51108 | V30: =V15-V22 -> 68.58475 | W30: =W35 -> 22.1035 | X30: =X35 -> 32.19859 | Y30: =Y35 -> 31.642823 | Z30: =Z35 -> 58.758333 | AA30: =AA35 -> 53.886009 | AB30: =AB35 -> 54.123216 | AC30: =AC35 -> 53.107742 | AD30: =AD35 -> -30.270942
Q31: 2025 Unplanned Outages | R31: =R16-R23 -> 39.992097 | S31: =S16-S23 -> 89.539948 | T31: =T16-T23 -> 117.55887 | U31: =U16-U23 -> 154.56167 | V31: =V16-V23 -> 139.8779 | W31: =W16-W23 -> 82.914 | X31: =X16-X23 -> 65.362906 | Y31: =Y16-Y23 -> 73.328468 | ... AD31: =AD16-AD23 -> -74.512826
Q32: 2024 Unplanned Outages | R32: =R18-R25 -> 43.340323 | S32: =S18-S25 -> 72.172414 | T32: =T18-T25 -> 26.772796 | U32: =U18-U25 -> -3.395 | V32: =V18-V25 -> -62.326129 | W32: =W18-W25 -> 34.4 | X32: =X18-X25 -> 0.6 | Y32: =Y18-Y25 -> 19 | ... AD32: =AD18-AD25 -> -120.8
Q33: 2023 Unplanned Outages | R33: =R20-R27 -> 44.2 | S33: =S20-S27 -> -32.3 | T33: =T20-T27 -> 61.3 | U33: =U20-U27 -> -114.8 | V33: =V20-V27 -> 0.3 | W33: =W20-W27 -> 5.5 | X33: =X20-X27 -> 20.5 | Y33: =Y20-Y27 -> 2.6 | ... AD33: =AD20-AD27 -> 104.5
Q34: 3yr avg | R34: =AVERAGE(R31:R33) -> 42.510806 | S34: =AVERAGE(S31:S33) -> 43.137454 | T34: =AVERAGE(T32:T33) -> 44.036398 | U34: =AVERAGE(U31:U32) -> 75.583333 | V34: =AVERAGE(V31) -> 139.8779 | W34: =AVERAGE(W31,W33) -> 44.207 | X34: =AVERAGE(X31,X33) -> 42.931453 | Y34: =AVERAGE(Y31:Y33) -> 31.642823 | Z34: =AVERAGE(Z31:Z33) -> 58.758333 | AA34: =AVERAGE(AA31:AA33) -> 92.906911 | AB34: =AVERAGE(AB31:AB33) -> 93.315889 | AC34: =AVERAGE(AC31:AC32) -> 53.107742 | AD34: =AVERAGE(AD31:AD33) -> -30.270942
R35: =R34*0.8 -> 34.008645 | S35: =S34*0.3 -> 12.941236 | T35: =T34 -> 44.036398 | U35: =U34*0.8 -> 60.466667 | V35: =V34*0.4 -> 55.951161 | W35: =W34*0.5 -> 22.1035 | X35: =X34*0.75 -> 32.19859 | Y35: =Y34 -> 31.642823 | Z35: =Z34 -> 58.758333 | AA35: =AA34*0.58 -> 53.886009 | AB35: =AB34*0.58 -> 54.123216 | AC35: =AC34*1 -> 53.107742 | AD35: =AD34 -> -30.270942
R38: =R39*-1 -> 107.51145 | S38: =S39*-1 -> 160.53304 | T38: =T39*-1 -> 206.75565 | U38: =U39*-1 -> 256.96167 | V38: =V39*-1 -> 181.41016 | W38: =W39*-1 -> 102.61367 | X38: =X39*-1 -> 66.137 | Y38: =Y39*-1 -> 0 | ... AD38: =AD39*-1 -> 0
R39: -107.51145 | S39: -160.53304 | T39: -206.75565 | U39: -256.96167 | V39: -181.41016 | W39: -102.61367 | X39: -66.137
R40: 25.909677 | S40: 8.3725 | T40: 11.34 | U40: =118.539333333333 -> 118.53933 | V40: 129.53409 | W40: 117.55667 | X40: 103.05 | Y40: -6.6471237 | Z40: -13.931962 | AA40: =118.539333333333 -> 118.53933 | AB40: 105.57925 | AC40: 93.601828 | AD40: -21.216801
R41: 26.08425 | S41: 34.88 | T41: 29.8635 | U41: 25.59225 | V41: 23.96825 | W41: 19.92025 | X41: 33.5825 | Z41: 15 | AA41: 83 | AB41: 72 | AC41: 3.12 | AD41: 320.67721
Q42: p66 wilimington | R42: 65 | S42: 65 | T42: 65 | U42: 65 | V42: 65 | W42: 65 | X42: 65 | Y42: 65 | Z42: 65 | AA42: 65 | AB42: 65 | AC42: 65 | AD42: 65
Q43: carson | R43: 19 | S43: 19 | T43: 19 | U43: 19 | V43: 19 | W43: 19 | X43: 19 | Y43: 19 | Z43: 19 | AA43: 19 | AB43: 19 | AC43: 19 | AD43: 19
R44: =R42+R41+R43 -> 110.08425 | S44: =S42+S41+S43 -> 118.88 | T44: =T42+T41+T43 -> 113.8635 | U44: =U42+U41+U43 -> 109.59225 | V44: =V42+V41+V43 -> 107.96825 | W44: =W42+W41+W43 -> 103.92025 | X44: =X42+X41+X43 -> 117.5825 | Y44: =Y42+Y41+Y43 -> 84 | ... AD44: =AD42+AD41+AD43 -> 404.67721
Q45: Benicia | R45: 0 | S45: 67.2 | T45: 103 | U45: 103 | V45: 103 | W45: 103 | X45: 103 | Y45: 103 | Z45: 103 | AA45: 103 | AB45: 103 | AC45: 103 | AD45: 103
Q47: 46192 | R47: 181.99549 | S47: 285.81185 | T47: 280.101 | U47: 387.10333 | V47: 279.553 | W47: 229.02375 | X47: 252.78109 | Y47: 218.64282 | Z47: 260.75833 | AA47: 323.88601 | AB47: 313.12322 | AC47: 243.22774
R48: =R47-R15 -> 0 | S48: =S47-S15 -> 0 | T48: =T47-T15 -> 0 | U48: =U47-U15 -> 0 | V48: =V47-V15 -> 0 | W48: =W47-W15 -> 0 | X48: =X47-X15 -> 0 | Y48: =Y47-Y15 -> 0 | ... AC48: =AC47-AC15 -> 0
T51: =952+6 -> 958 | U51: =(280-317) -> -37 | W51: =267-229 -> 38
T52: =T51*0.98 -> 938.84 | U52: =T52+U51 -> 901.84 | W52: =986+38 -> 1024
U53: =957-13 -> 944 | V53: =(293-267)+U53 -> 970 | W53: =55+V53 -> 1025
U54: =U53*0.99 -> 934.56 | V54: =V53*0.99 -> 960.3 | W54: =(267-212)+V55 -> 1035 | X54: =(W15-241)+W55 -> 998.04375 | Y54: =(241-254)+X55 -> 996 | Z54: =(246-254)+Y54 -> 988 | AA54: =(246-324)+Z54 -> 910 | AB54: =AA55-1 -> 936.3 | AC54: =(325-243)+AB54 -> 1018.3
V55: 980 | W55: =W52*0.98+6.5 -> 1010.02 | X55: 1009 | Z55: 980 | AA55: =AA54*1.03 -> 937.3
AC56: =1100-83 -> 1017
R68: Jan | S68: Feb | T68: Mar | U68: Apr | V68: May | W68: Jun | X68: Jul | Y68: Aug | Z68: Sep | AA68: Oct | AB68: Nov | AC68: Dec
O69: 26 ‘25, 24, & '23 Planned ONLY | Q69: 2026 Plan | R69: =R41 -> 26.08425 | S69: =S41 -> 34.88 | T69: =T41 -> 29.8635 | U69: =U41 -> 25.59225 | V69: =V41 -> 23.96825 | W69: =W41 -> 19.92025 | X69: =X41 -> 33.5825 | Y69: =Y41 -> 0 | ... AC69: =AC41 -> 3.12
Q70: 2025 Outages | R70: 67.519355 | S70: 70.993088 | T70: 89.196774 | U70: 102.4 | V70: 41.532258 | W70: 0.77419355 | X70: 1.7741935483871=
Q71: vs 2026 | R71: =IFERROR((R69-R70)/R70,"") -> -0.61367744 | S71: =IFERROR((S69-S70)/S70,"") -> -0.50868456 | T71: =IFERROR((T69-T70)/T70,"") -> -0.66519529 | U71: =IFERROR((U69-U70)/U70,"") -> -0.75007568 | V71: =IFERROR((V69-V70)/V70,"") -> -0.42290039 | W71: =IFERROR((W69-W70)/W70,"") -> 24.730323 | X71: =IFERROR((X69-X70)/X70,"")
Q72: 2024 Outages | R72: 61.5 | S72: 72.1 | T72: 72 | U72: 59 | V72: 119.9 | W72: 151.4 | X72: =X25 -> 3.6
Q73: vs 2026 | R73: =(R69-R72)/R72 -> -0.57586585 | S73: =(S69-S72)/S72 -> -0.51622746 | T73: =(T69-T72)/T72 -> -0.58522917 | U73: =(U69-U72)/U72 -> -0.56623305 | V73: =(V69-V72)/V72 -> -0.800098 | W73: =(W69-W72)/W72 -> -0.86842635 | X73: =(X69-X72)/X72 -> 8.3284722 | Y73: =(Y69-Y72)/Y72 -> #DIV/0! | ... AD73: =(AD69-AD72)/AD72 -> #DIV/0!
Q74: 2023 Outages | R74: 80.9 | S74: 150.8 | T74: 65 | U74: 132.5 | V74: 93 | W74: 25.1 | X74: =X27 -> 0
Q75: vs 2026 | R75: =(R69-R74)/R74 -> -0.67757417 | S75: =(S69-S74)/S74 -> -0.76870027 | T75: =(T69-T74)/T74 -> -0.54056154 | U75: =(U69-U74)/U74 -> -0.80685094 | V75: =(V69-V74)/V74 -> -0.74227688 | W75: =(W69-W74)/W74 -> -0.20636454 | X75: =(X69-X74)/X74 -> #DIV/0!

Sheet US
Q2: 2024 Planned Offline Mogas Production
B3: Sum of Capacity Offline for Area Chart (KBD) | C3: Column Labels | Q3: Sum of Capacity Offline for Area Chart (KBD) | R3: Column Labels
B4: Row Labels | C4: Jan | D4: Feb | E4: Mar | F4: Apr | G4: May | H4: Jun | I4: Sep | J4: Oct | K4: Nov | L4: Dec | M4: Grand Total | Q4: Row Labels | R4: Jan | S4: Feb | T4: Mar | U4: Apr | V4: May | W4: Jun | X4: Jul | Y4: Aug | Z4: Sep | AA4: Oct | AB4: Nov | AC4: Dec | AD4: Total
B5: Chalmette Refining LLC | C5: 220.76 | D5: 77.745714 | L5: 24.768571 | M5: 323.27429 | Q5: Chalmette Refining LLC | R5: =C5/4 -> 55.19 | S5: =D5/4 -> 19.436429 | T5: =E5/4 -> 0 | U5: =F5/4 -> 0 | V5: =G5/4 -> 0 | W5: =H5/4 -> 0 | X5: 0 | Y5: 0 | Z5: =I5/4 -> 0 | AA5: =J5/4 -> 0 | AB5: =K5/4 -> 0 | AC5: =L5/4 -> 6.1921429
B6: Chalmette Refinery | C6: 220.76 | D6: 77.745714 | L6: 24.768571 | M6: 323.27429 | Q6: Chalmette Refinery | R6: =C6/4 -> 55.19 | S6: =D6/4 -> 19.436429 | T6: =E6/4 -> 0 | U6: =F6/4 -> 0 | V6: =G6/4 -> 0 | W6: =H6/4 -> 0 | X6: 0 | Y6: 0 | Z6: =I6/4 -> 0 | AA6: =J6/4 -> 0 | AB6: =K6/4 -> 0 | AC6: =L6/4 -> 6.1921429
B7: Chevron Corporation | F7: 43.2 | G7: 86.4 | H7: 43.2 | M7: 172.8 | Q7: Chevron Corporation | R7: =C7/4 -> 0 | S7: =D7/4 -> 0 | T7: =E7/4 -> 0 | U7: =F7/4 -> 10.8 | V7: =G7/4 -> 21.6 | W7: =H7/4 -> 10.8 | X7: 0 | Y7: 0 | Z7: =I7/4 -> 0 | AA7: =J7/4 -> 0 | AB7: =K7/4 -> 0 | AC7: =L7/4 -> 0
B8: Pasadena Refinery | F8: 43.2 | G8: 86.4 | H8: 43.2 | M8: 172.8 | Q8: Pasadena Refinery | R8: =C8/4 -> 0 | S8: =D8/4 -> 0 | T8: =E8/4 -> 0 | U8: =F8/4 -> 10.8 | V8: =G8/4 -> 21.6 | W8: =H8/4 -> 10.8 | X8: 0 | Y8: 0 | Z8: =I8/4 -> 0 | AA8: =J8/4 -> 0 | AB8: =K8/4 -> 0 | AC8: =L8/4 -> 0
B9: CITGO Petroleum Corporation | C9: 19.942857 | D9: 267.2 | E9: 392.14 | F9: 97.8 | I9: 180.51429 | J9: 187.2 | K9: 33.428571 | M9: 1178.2257 | Q9: CITGO Petroleum Corporation | R9: =C9/4 -> 4.9857143 | S9: =D9/4 -> 66.8 | T9: =E9/4 -> 98.035 | U9: =F9/4 -> 24.45 | V9: =G9/4 -> 0 | W9: =H9/4 -> 0 | X9: 0 | Y9: 0 | Z9: =I9/4 -> 45.128571 | AA9: =J9/4 -> 46.8 | AB9: =K9/4 -> 8.3571429 | AC9: =L9/4 -> 0
B10: Corpus Christi Refinery - West (CITGO) | E10: 83.785714 | F10: 69.214286 | M10: 153 | Q10: Corpus Christi Refinery - West (CITGO) | R10: =C10/4 -> 0 | S10: =D10/4 -> 0 | T10: =E10/4 -> 20.946429 | U10: =F10/4 -> 17.303571 | V10: =G10/4 -> 0 | W10: =H10/4 -> 0 | X10: 0 | Y10: 0 | Z10: =I10/4 -> 0 | AA10: =J10/4 -> 0 | AB10: =K10/4 -> 0 | AC10: =L10/4 -> 0
B11: Corpus Christi Refinery-East | E11: 194.38286 | F11: 28.585714 | M11: 222.96857 | Q11: Corpus Christi Refinery-East | R11: =C11/4 -> 0 | S11: =D11/4 -> 0 | T11: =E11/4 -> 48.595714 | U11: =F11/4 -> 7.1464286 | V11: =G11/4 -> 0 | W11: =H11/4 -> 0 | X11: 0 | Y11: 0 | Z11: =I11/4 -> 0 | AA11: =J11/4 -> 0 | AB11: =K11/4 -> 0 | AC11: =L11/4 -> 0
B12: Lake Charles Refinery (CITGO) | C12: 19.942857 | D12: 267.2 | E12: 113.97143 | I12: 180.51429 | J12: 187.2 | K12: 33.428571 | M12: 802.25714 | Q12: Lake Charles Refinery (CITGO) | R12: =C12/4 -> 4.9857143 | S12: =D12/4 -> 66.8 | T12: =E12/4 -> 28.492857 | U12: =F12/4 -> 0 | V12: =G12/4 -> 0 | W12: =H12/4 -> 0 | X12: 0 | Y12: 0 | Z12: =I12/4 -> 45.128571 | AA12: =J12/4 -> 46.8 | AB12: =K12/4 -> 8.3571429 | AC12: =L12/4 -> 0
B13: Deer Park Refining LP | I13: 27.867857 | J13: 156.06 | K13: 11.147143 | M13: 195.075 | Q13: Deer Park Refining LP | R13: =C13/4 -> 0 | S13: =D13/4 -> 0 | T13: =E13/4 -> 0 | U13: =F13/4 -> 0 | V13: =G13/4 -> 0 | W13: =H13/4 -> 0 | X13: 0 | Y13: 0 | Z13: =I13/4 -> 6.9669643 | AA13: =J13/4 -> 39.015 | AB13: =K13/4 -> 2.7867857 | AC13: =L13/4 -> 0
B14: Deer Park Refinery | I14: 27.867857 | J14: 156.06 | K14: 11.147143 | M14: 195.075 | Q14: Deer Park Refinery | R14: =C14/4 -> 0 | S14: =D14/4 -> 0 | T14: =E14/4 -> 0 | U14: =F14/4 -> 0 | V14: =G14/4 -> 0 | W14: =H14/4 -> 0 | X14: 0 | Y14: 0 | Z14: =I14/4 -> 6.9669643 | AA14: =J14/4 -> 39.015 | AB14: =K14/4 -> 2.7867857 | AC14: =L14/4 -> 0
B15: Delek US Holdings | J15: 115.32857 | K15: 76.885714 | M15: 192.21429 | Q15: Delek US Holdings | R15: =C15/4 -> 0 | S15: =D15/4 -> 0 | T15: =E15/4 -> 0 | U15: =F15/4 -> 0 | V15: =G15/4 -> 0 | W15: =H15/4 -> 0 | X15: 0 | Y15: 0 | Z15: =I15/4 -> 0 | AA15: =J15/4 -> 28.832143 | AB15: =K15/4 -> 19.221429 | AC15: =L15/4 -> 0
B16: Krotz Springs Refinery | J16: 115.32857 | K16: 76.885714 | M16: 192.21429 | Q16: Krotz Springs Refinery | R16: =C16/4 -> 0 | S16: =D16/4 -> 0 | T16: =E16/4 -> 0 | U16: =F16/4 -> 0 | V16: =G16/4 -> 0 | W16: =H16/4 -> 0 | X16: 0 | Y16: 0 | Z16: =I16/4 -> 0 | AA16: =J16/4 -> 28.832143 | AB16: =K16/4 -> 19.221429 | AC16: =L16/4 -> 0
B17: ExxonMobil Corporation | C17: 433.67857 | D17: 413.73571 | L17: 18.228571 | M17: 865.64286 | Q17: ExxonMobil Corporation | R17: =C17/4 -> 108.41964 | S17: =D17/4 -> 103.43393 | T17: =E17/4 -> 0 | U17: =F17/4 -> 0 | V17: =G17/4 -> 0 | W17: =H17/4 -> 0 | X17: 0 | Y17: 0 | Z17: =I17/4 -> 0 | AA17: =J17/4 -> 0 | AB17: =K17/4 -> 0 | AC17: =L17/4 -> 4.5571429
B18: Baton Rouge Refinery | C18: 255.2 | D18: 45.571429 | L18: 18.228571 | M18: 319 | Q18: Baton Rouge Refinery | R18: =C18/4 -> 63.8 | S18: =D18/4 -> 11.392857 | T18: =E18/4 -> 0 | U18: =F18/4 -> 0 | V18: =G18/4 -> 0 | W18: =H18/4 -> 0 | X18: 0 | Y18: 0 | Z18: =I18/4 -> 0 | AA18: =J18/4 -> 0 | AB18: =K18/4 -> 0 | AC18: =L18/4 -> 4.5571429
B19: Baytown Refinery | C19: 159.19286 | D19: 117.66429 | M19: 276.85714 | Q19: Baytown Refinery | R19: =C19/4 -> 39.798214 | S19: =D19/4 -> 29.416071 | T19: =E19/4 -> 0 | U19: =F19/4 -> 0 | V19: =G19/4 -> 0 | W19: =H19/4 -> 0 | X19: 0 | Y19: 0 | Z19: =I19/4 -> 0 | AA19: =J19/4 -> 0 | AB19: =K19/4 -> 0 | AC19: =L19/4 -> 0
B20: Beaumont Refinery | C20: 19.285714 | D20: 250.5 | M20: 269.78571 | Q20: Beaumont Refinery | R20: =C20/4 -> 4.8214286 | S20: =D20/4 -> 62.625 | T20: =E20/4 -> 0 | U20: =F20/4 -> 0 | V20: =G20/4 -> 0 | W20: =H20/4 -> 0 | X20: 0 | Y20: 0 | Z20: =I20/4 -> 0 | AA20: =J20/4 -> 0 | AB20: =K20/4 -> 0 | AC20: =L20/4 -> 0
B21: Flint Hills Resources LLC | C21: 155.81429 | D21: 155.81429 | I21: 91.142857 | J21: 68.357143 | M21: 471.12857 | Q21: Flint Hills Resources LLC | R21: =C21/4 -> 38.953571 | S21: =D21/4 -> 38.953571 | T21: =E21/4 -> 0 | U21: =F21/4 -> 0 | V21: =G21/4 -> 0 | W21: =H21/4 -> 0 | X21: 0 | Y21: 0 | Z21: =I21/4 -> 22.785714 | AA21: =J21/4 -> 17.089286 | AB21: =K21/4 -> 0 | AC21: =L21/4 -> 0
B22: Corpus Christi Refinery - East | I22: 91.142857 | J22: 68.357143 | M22: 159.5 | Q22: Corpus Christi Refinery - East | R22: =C22/4 -> 0 | S22: =D22/4 -> 0 | T22: =E22/4 -> 0 | U22: =F22/4 -> 0 | V22: =G22/4 -> 0 | W22: =H22/4 -> 0 | X22: 0 | Y22: 0 | Z22: =I22/4 -> 22.785714 | AA22: =J22/4 -> 17.089286 | AB22: =K22/4 -> 0 | AC22: =L22/4 -> 0
B23: Corpus Christi Refinery - West (Flint Hills) | C23: 155.81429 | D23: 155.81429 | M23: 311.62857 | Q23: Corpus Christi Refinery - West (Flint Hills) | R23: =C23/4 -> 38.953571 | S23: =D23/4 -> 38.953571 | T23: =E23/4 -> 0 | U23: =F23/4 -> 0 | V23: =G23/4 -> 0 | W23: =H23/4 -> 0 | X23: 0 | Y23: 0 | Z23: =I23/4 -> 0 | AA23: =J23/4 -> 0 | AB23: =K23/4 -> 0 | AC23: =L23/4 -> 0
B24: Marathon Petroleum Corporation | C24: 160.82857 | D24: 49.485714 | M24: 210.31429 | Q24: Marathon Petroleum Corporation | R24: =C24/4 -> 40.207143 | S24: =D24/4 -> 12.371429 | T24: =E24/4 -> 0 | U24: =F24/4 -> 0 | V24: =G24/4 -> 0 | W24: =H24/4 -> 0 | X24: 0 | Y24: 0 | Z24: =I24/4 -> 0 | AA24: =J24/4 -> 0 | AB24: =K24/4 -> 0 | AC24: =L24/4 -> 0
B25: Texas City Refinery (Bay Plant) | C25: 160.82857 | D25: 49.485714 | M25: 210.31429 | Q25: Texas City Refinery (Bay Plant) | R25: =C25/4 -> 40.207143 | S25: =D25/4 -> 12.371429 | T25: =E25/4 -> 0 | U25: =F25/4 -> 0 | V25: =G25/4 -> 0 | W25: =H25/4 -> 0 | X25: 0 | Y25: 0 | Z25: =I25/4 -> 0 | AA25: =J25/4 -> 0 | AB25: =K25/4 -> 0 | AC25: =L25/4 -> 0
B26: Phillips 66 | D26: 9 | E26: 157.5 | F26: 22.5 | I26: 76.56 | J26: 107.184 | K26: 45.936 | M26: 418.68 | Q26: Phillips 66 | R26: =C26/4 -> 0 | S26: =D26/4 -> 2.25 | T26: =E26/4 -> 39.375 | U26: =F26/4 -> 5.625 | V26: =G26/4 -> 0 | W26: =H26/4 -> 0 | X26: 0 | Y26: 0 | Z26: =I26/4 -> 19.14 | AA26: =J26/4 -> 26.796 | AB26: =K26/4 -> 11.484 | AC26: =L26/4 -> 0
B27: Lake Charles Refinery (Phillips 66) | I27: 76.56 | J27: 107.184 | K27: 45.936 | M27: 229.68 | Q27: Lake Charles Refinery (Phillips 66) | R27: =C27/4 -> 0 | S27: =D27/4 -> 0 | T27: =E27/4 -> 0 | U27: =F27/4 -> 0 | V27: =G27/4 -> 0 | W27: =H27/4 -> 0 | X27: 0 | Y27: 0 | Z27: =I27/4 -> 19.14 | AA27: =J27/4 -> 26.796 | AB27: =K27/4 -> 11.484 | AC27: =L27/4 -> 0
B28: Sweeny Refinery | D28: 9 | E28: 157.5 | F28: 22.5 | M28: 189 | Q28: Sweeny Refinery | R28: =C28/4 -> 0 | S28: =D28/4 -> 2.25 | T28: =E28/4 -> 39.375 | U28: =F28/4 -> 5.625 | V28: =G28/4 -> 0 | W28: =H28/4 -> 0 | X28: 0 | Y28: 0 | Z28: =I28/4 -> 0 | AA28: =J28/4 -> 0 | AB28: =K28/4 -> 0 | AC28: =L28/4 -> 0
B29: Valero Refining Company | C29: 374.16 | D29: 319.51714 | E29: 51.04 | I29: 19.794286 | J29: 277.12 | K29: 98.971429 | L29: 26.725714 | M29: 1167.3286 | Q29: Valero Refining Company | R29: =C29/4 -> 93.54 | S29: =D29/4 -> 79.879286 | T29: =E29/4 -> 12.76 | U29: =F29/4 -> 0 | V29: =G29/4 -> 0 | W29: =H29/4 -> 0 | X29: 0 | Y29: 0 | Z29: =I29/4 -> 4.9485714 | AA29: =J29/4 -> 69.28 | AB29: =K29/4 -> 24.742857 | AC29: =L29/4 -> 6.6814286
B30: McKee Refinery | I30: 19.794286 | J30: 277.12 | K30: 98.971429 | M30: 395.88571 | Q30: McKee Refinery | R30: =C30/4 -> 0 | S30: =D30/4 -> 0 | T30: =E30/4 -> 0 | U30: =F30/4 -> 0 | V30: =G30/4 -> 0 | W30: =H30/4 -> 0 | X30: 0 | Y30: 0 | Z30: =I30/4 -> 4.9485714 | AA30: =J30/4 -> 69.28 | AB30: =K30/4 -> 24.742857 | AC30: =L30/4 -> 0
B31: Port Arthur Refinery (Valero) | C31: 170 | D31: 115.35714 | L31: 12.142857 | M31: 297.5 | Q31: Port Arthur Refinery (Valero) | R31: =C31/4 -> 42.5 | S31: =D31/4 -> 28.839286 | T31: =E31/4 -> 0 | U31: =F31/4 -> 0 | V31: =G31/4 -> 0 | W31: =H31/4 -> 0 | X31: 0 | Y31: 0 | Z31: =I31/4 -> 0 | AA31: =J31/4 -> 0 | AB31: =K31/4 -> 0 | AC31: =L31/4 -> 3.0357143
B32: Texas City Refinery | C32: 204.16 | D32: 204.16 | E32: 51.04 | L32: 14.582857 | M32: 473.94286 | Q32: Texas City Refinery | R32: =C32/4 -> 51.04 | S32: =D32/4 -> 51.04 | T32: =E32/4 -> 12.76 | U32: =F32/4 -> 0 | V32: =G32/4 -> 0 | W32: =H32/4 -> 0 | X32: 0 | Y32: 0 | Z32: =I32/4 -> 0 | AA32: =J32/4 -> 0 | AB32: =K32/4 -> 0 | AC32: =L32/4 -> 3.6457143
B33: Vertex Energy | I33: 3.2785714 | J33: 45.9 | K33: 8.1964286 | M33: 57.375 | Q33: Vertex Energy | R33: =C33/4 -> 0 | S33: =D33/4 -> 0 | T33: =E33/4 -> 0 | U33: =F33/4 -> 0 | V33: =G33/4 -> 0 | W33: =H33/4 -> 0 | X33: 0 | Y33: 0 | Z33: =I33/4 -> 0.81964286 | AA33: =J33/4 -> 11.475 | AB33: =K33/4 -> 2.0491071 | AC33: =L33/4 -> 0
B34: Mobile Refinery (Vertex) | I34: 3.2785714 | J34: 45.9 | K34: 8.1964286 | M34: 57.375 | Q34: Mobile Refinery (Vertex) | X34: 0 | Y34: 0
B35: Grand Total | C35: 1365.1843 | D35: 1292.4986 | E35: 600.68 | F35: 163.5 | G35: 86.4 | H35: 43.2 | I35: 399.15786 | J35: 957.14971 | K35: 274.56529 | L35: 69.722857 | M35: 5252.0586 | O35: Mogas Offline [kbd] | Q35: 2025 Planned Outages | R35: 347.18258 | S35: 442.09321 | T35: 732.17882 | U35: 711.29817 | V35: 257.0359 | W35: 67.175833 | X35: 46.325806 | Y35: 89.735484 | Z35: 381.66867 | AA35: 515.25597 | AB35: 124.00167 | AC35: 96.526129 | AD35: =AVERAGE(W35:AC35) -> 188.66994
Q36: 2024 planned & unplanned Outages | W36: 379 | X36: 417 | Y36: 327.4 | Z36: 654 | AA36: 824 | AB36: 518 | AC36: 77 | AD36: =AVERAGE(W36:AC36) -> 456.62857
Q37: vs 2025 | R37: =(R35-R36)/R36 -> #DIV/0! | S37: =(S35-S36)/S36 -> #DIV/0! | T37: =(T35-T36)/T36 -> #DIV/0! | U37: =(U35-U36)/U36 -> #DIV/0! | V37: =(V35-V36)/V36 -> #DIV/0! | W37: =(W35-W36)/W36 -> -0.82275506 | X37: =(X35-X36)/X36 -> -0.88890694 | Y37: =(Y35-Y36)/Y36 -> -0.72591483 | ... AD37: =(AD35-AD36)/AD36 -> -0.58681969
Q38: 2023 Outages | R38: 948.15033 | S38: 1121.3121 | T38: 1072.6636 | U38: 895.09437 | V38: 581.02817 | W38: 434.43833 | X38: 321.70083 | Y38: 341.99383 | Z38: 690.85277 | AA38: 1141.718 | AB38: 496.24033 | AC38: 82.506667 | AD38: =AVERAGE(W38:AC38) -> 501.3501
Q39: vs 2025 | R39: =(R35-R38)/R38 -> -0.63383172 | S39: =(S35-S38)/S38 -> -0.60573582 | T39: =(T35-T38)/T38 -> -0.3174199 | U39: =(U35-U38)/U38 -> -0.20533723 | V39: =(V35-V38)/V38 -> -0.55761886 | W39: =(W35-W38)/W38 -> -0.84537314 | X39: =(X35-X38)/X38 -> -0.85599724 | Y39: =(Y35-Y38)/Y38 -> -0.73761081 | ... AD39: =(AD35-AD38)/AD38 -> -0.62367628
Q40: 2022 Outages | R40: 537.71717 | S40: 707.75299 | T40: 660.13367 | U40: 645.67525 | V40: 497.81152 | W40: 342.5815 | X40: 348.0777 | Y40: 258.9008 | Z40: 337.782 | AA40: 870.25527 | AB40: 488.59033 | AC40: 623.91847 | AD40: =AVERAGE(W40:AC40) -> 467.15801
Q41: vs 2025 | R41: =(R35-R40)/R40 -> -0.35433979 | S41: =(S35-S40)/S40 -> -0.37535662 | T41: =(T35-T40)/T40 -> 0.10913721 | U41: =(U35-U40)/U40 -> 0.10163455 | V41: =(V35-V40)/V40 -> -0.48366823 | W41: =(W35-W40)/W40 -> -0.80391284 | X41: =(X35-X40)/X40 -> -0.86690958 | Y41: =(Y35-Y40)/Y40 -> -0.6533982 | ... AD41: =(AD35-AD40)/AD40 -> -0.5961325
B42: Grand Total | C42: 169.66952 | D42: 421.06446 | E42: 381.88339 | F42: 352.32353 | G42: 53.719677 | H42: 16.67 | K42: 53.958333 | L42: 71.637097 | M42: 15.25 | O42: 1536.176
W45: Jun
Q46: 2025 Planned+Unplanned | W46: 153

Sheet US (2026 planned and unplanned)
Q2: 2024 Planned Offline Mogas Production
Q3: Sum of Capacity Offline for Area Chart (KBD) | R3: Column Labels
Q4: Row Labels | R4: Jan | S4: Feb | T4: Mar | U4: Apr | V4: May | W4: Jun | X4: Jul | Y4: Aug | Z4: Sep | AA4: Oct | AB4: Nov | AC4: Dec | AD4: Total
Q5: Chalmette Refining LLC | R5: =C5/4 -> 0 | S5: =D5/4 -> 0 | T5: =E5/4 -> 0 | U5: =F5/4 -> 0 | V5: =G5/4 -> 0 | W5: =H5/4 -> 0 | X5: 0 | Y5: 0 | Z5: =I5/4 -> 0 | AA5: =J5/4 -> 0 | AB5: =K5/4 -> 0 | AC5: =L5/4 -> 0
Q6: Chalmette Refinery | R6: =C6/4 -> 0 | S6: =D6/4 -> 0 | T6: =E6/4 -> 0 | U6: =F6/4 -> 0 | V6: =G6/4 -> 0 | W6: =H6/4 -> 0 | X6: 0 | Y6: 0 | Z6: =I6/4 -> 0 | AA6: =J6/4 -> 0 | AB6: =K6/4 -> 0 | AC6: =L6/4 -> 0
Q7: Chevron Corporation | R7: =C7/4 -> 0 | S7: =D7/4 -> 0 | T7: =E7/4 -> 0 | U7: =F7/4 -> 0 | V7: =G7/4 -> 0 | W7: =H7/4 -> 0 | X7: 0 | Y7: 0 | Z7: =I7/4 -> 0 | AA7: =J7/4 -> 0 | AB7: =K7/4 -> 0 | AC7: =L7/4 -> 0
Q8: Pasadena Refinery | R8: =C8/4 -> 0 | S8: =D8/4 -> 0 | T8: =E8/4 -> 0 | U8: =F8/4 -> 0 | V8: =G8/4 -> 0 | W8: =H8/4 -> 0 | X8: 0 | Y8: 0 | Z8: =I8/4 -> 0 | AA8: =J8/4 -> 0 | AB8: =K8/4 -> 0 | AC8: =L8/4 -> 0
Q9: CITGO Petroleum Corporation | R9: =C9/4 -> 0 | S9: =D9/4 -> 0 | T9: =E9/4 -> 0 | U9: =F9/4 -> 0 | V9: =G9/4 -> 0 | W9: =H9/4 -> 0 | X9: 0 | Y9: 0 | Z9: =I9/4 -> 0 | AA9: =J9/4 -> 0 | AB9: =K9/4 -> 0 | AC9: =L9/4 -> 0
Q10: Corpus Christi Refinery - West (CITGO) | R10: =C10/4 -> 0 | S10: =D10/4 -> 0 | T10: =E10/4 -> 0 | U10: =F10/4 -> 0 | V10: =G10/4 -> 0 | W10: =H10/4 -> 0 | X10: 0 | Y10: 0 | Z10: =I10/4 -> 0 | AA10: =J10/4 -> 0 | AB10: =K10/4 -> 0 | AC10: =L10/4 -> 0
Q11: Corpus Christi Refinery-East | R11: =C11/4 -> 0 | S11: =D11/4 -> 0 | T11: =E11/4 -> 0 | U11: =F11/4 -> 0 | V11: =G11/4 -> 0 | W11: =H11/4 -> 0 | X11: 0 | Y11: 0 | Z11: =I11/4 -> 0 | AA11: =J11/4 -> 0 | AB11: =K11/4 -> 0 | AC11: =L11/4 -> 0
Q12: Lake Charles Refinery (CITGO) | R12: =C12/4 -> 0 | S12: =D12/4 -> 0 | T12: =E12/4 -> 0 | U12: =F12/4 -> 0 | V12: =G12/4 -> 0 | W12: =H12/4 -> 0 | X12: 0 | Y12: 0 | Z12: =I12/4 -> 0 | AA12: =J12/4 -> 0 | AB12: =K12/4 -> 0 | AC12: =L12/4 -> 0
Q13: Deer Park Refining LP | R13: =C13/4 -> 0 | S13: =D13/4 -> 0 | T13: =E13/4 -> 0 | U13: =F13/4 -> 0 | V13: =G13/4 -> 0 | W13: =H13/4 -> 0 | X13: 0 | Y13: 0 | Z13: =I13/4 -> 0 | AA13: =J13/4 -> 0 | AB13: =K13/4 -> 0 | AC13: =L13/4 -> 0
Q14: Deer Park Refinery | R14: =C14/4 -> 0 | S14: =D14/4 -> 0 | T14: =E14/4 -> 0 | U14: =F14/4 -> 0 | V14: =G14/4 -> 0 | W14: =H14/4 -> 0 | X14: 0 | Y14: 0 | Z14: =I14/4 -> 0 | AA14: =J14/4 -> 0 | AB14: =K14/4 -> 0 | AC14: =L14/4 -> 0
Q15: Delek US Holdings | R15: =C15/4 -> 0 | S15: =D15/4 -> 0 | T15: =E15/4 -> 0 | U15: =F15/4 -> 0 | V15: =G15/4 -> 0 | W15: =H15/4 -> 0 | X15: 0 | Y15: 0 | Z15: =I15/4 -> 0 | AA15: =J15/4 -> 0 | AB15: =K15/4 -> 0 | AC15: =L15/4 -> 0
Q16: Krotz Springs Refinery | R16: =C16/4 -> 0 | S16: =D16/4 -> 0 | T16: =E16/4 -> 0 | U16: =F16/4 -> 0 | V16: =G16/4 -> 0 | W16: =H16/4 -> 0 | X16: 0 | Y16: 0 | Z16: =I16/4 -> 0 | AA16: =J16/4 -> 0 | AB16: =K16/4 -> 0 | AC16: =L16/4 -> 0
... Q33: Vertex Energy | R33: =C33/4 -> 0 | S33: =D33/4 -> 0 | T33: =E33/4 -> 0 | U33: =F33/4 -> 0 | V33: =G33/4 -> 0 | W33: =H33/4 -> 0 | X33: 0 | Y33: 0 | Z33: =I33/4 -> 0 | AA33: =J33/4 -> 0 | AB33: =K33/4 -> 0 | AC33: =L33/4 -> 0
Q34: Mobile Refinery (Vertex) | X34: 0 | Y34: 0
O35: Mogas Offline [kbd] | Q35: 2025 Planned Outages | R35: 347.18258 | S35: 442.09321 | T35: 732.17882 | U35: 711.29817 | V35: 257.0359 | W35: 67.175833 | X35: 46.325806 | Y35: 89.735484 | Z35: 381.66867 | AA35: 515.25597 | AB35: 124.00167 | AC35: 96.526129 | AD35: =AVERAGE(W35:AC35) -> 188.66994
Q36: 2024 planned & unplanned Outages | R36: 581 | S36: 905 | T36: 815 | U36: 696 | V36: 460 | W36: 379 | X36: 417 | Y36: 327.4 | Z36: 654 | AA36: 824 | AB36: 518 | AC36: 77 | AD36: =AVERAGE(W36:AC36) -> 456.62857
Q37: vs 2025 | R37: =(R35-R36)/R36 -> -0.40243962 | S37: =(S35-S36)/S36 -> -0.51149921 | T37: =(T35-T36)/T36 -> -0.10162108 | U37: =(U35-U36)/U36 -> 0.021980125 | V37: =(V35-V36)/V36 -> -0.4412263 | W37: =(W35-W36)/W36 -> -0.82275506 | X37: =(X35-X36)/X36 -> -0.88890694 | Y37: =(Y35-Y36)/Y36 -> -0.72591483 | ... AD37: =(AD35-AD36)/AD36 -> -0.58681969
Q38: 2023 Outages | R38: 948.15033 | S38: 1121.3121 | T38: 1072.6636 | U38: 895.09437 | V38: 581.02817 | W38: 434.43833 | X38: 321.70083 | Y38: 341.99383 | Z38: 690.85277 | AA38: 1141.718 | AB38: 496.24033 | AC38: 82.506667 | AD38: =AVERAGE(W38:AC38) -> 501.3501
Q39: vs 2025 | R39: =(R35-R38)/R38 -> -0.63383172 | S39: =(S35-S38)/S38 -> -0.60573582 | T39: =(T35-T38)/T38 -> -0.3174199 | U39: =(U35-U38)/U38 -> -0.20533723 | V39: =(V35-V38)/V38 -> -0.55761886 | W39: =(W35-W38)/W38 -> -0.84537314 | X39: =(X35-X38)/X38 -> -0.85599724 | Y39: =(Y35-Y38)/Y38 -> -0.73761081 | ... AD39: =(AD35-AD38)/AD38 -> -0.62367628
Q40: 2022 Outages | R40: 537.71717 | S40: 707.75299 | T40: 660.13367 | U40: 645.67525 | V40: 497.81152 | W40: 342.5815 | X40: 348.0777 | Y40: 258.9008 | Z40: 337.782 | AA40: 870.25527 | AB40: 488.59033 | AC40: 623.91847 | AD40: =AVERAGE(W40:AC40) -> 467.15801
Q41: vs 2025 | R41: =(R35-R40)/R40 -> -0.35433979 | S41: =(S35-S40)/S40 -> -0.37535662 | T41: =(T35-T40)/T40 -> 0.10913721 | U41: =(U35-U40)/U40 -> 0.10163455 | V41: =(V35-V40)/V40 -> -0.48366823 | W41: =(W35-W40)/W40 -> -0.80391284 | X41: =(X35-X40)/X40 -> -0.86690958 | Y41: =(Y35-Y40)/Y40 -> -0.6533982 | ... AD41: =(AD35-AD40)/AD40 -> -0.5961325
Q43: 2024 Plan | R43: 347.97645 | S43: 594.71779 | T43: 237.86139 | U43: 80.508333 | V43: 22.800161 | W43: 59.756667 | X43: 52.009677 | Y43: 102.17081 | Z43: =238.371666667333-7 -> 231.37167 | AA43: =349.070537633742-39 -> 310.07054 | AB43: =71.0011666666667-3 -> 68.001167
Q44: 2024 Plan + Unplanned | R44: 877.8921 | S44: 1086.9943 | T44: 629.3749 | U44: 500.59283 | V44: 225.10806 | W44: 227.28417 | X44: 211.11274 | Y44: 122.99355 | Z44: 205.66433 | AA44: 381.26326 | AB44: 74.4243
R49: 347.18258 | S49: 441.12196 | T49: 724.38673 | U49: 672.1815 | V49: 233.31655 | W49: 75.509167 | X49: 52.535484 | Y49: 44.824194 | Z49: 462.70733 | AA49: 600.7421 | AB49: 194.55167 | AC49: 96.526129
AF50: Jan | AG50: Feb | AH50: Mar | AI50: Apr | AJ50: May | AK50: Jun | AL50: Jul | AM50: Aug | AN50: Sep | AO50: Oct | AP50: Nov | AQ50: Dec
R51: Jan | S51: Feb | T51: Mar | U51: Apr | V51: May | W51: Jun | AE51: 2026 plan | AF51: 272.025 | AG51: 560.67071 | AH51: 449.29274 | AI51: 403.18786 | AJ51: 165.51763 | AK51: 120.30667 | AL51: 103.96935 | AM51: 104.15 | AN51: 113.84167 | AO51: 174.6871 | AP51: 124.775 | AQ51: 106.00161
Q52: 2025 Planned+Unplanned | R52: 689 | S52: 871 | T52: 871 | U52: 803 | V52: 571 | W52: 305 | X52: 417 | Y52: 327.4 | Z52: 654 | AA52: 824 | AB52: 518 | AC52: 77 | AE52: 2025 Planned+Unplanned | AF52: -689.22687 | AG52: -871.33632 | AH52: -931.76405 | AI52: -1037.8529 | AJ52: -699.32892 | AK52: -432.80886 | AL52: -368.58534 | AM52: =AM53+AM56 -> 206.70937 | AN52: =AN53+AN56 -> 511.69533 | AO52: =AO53+AO56 -> 597.14434 | AP52: =AP53+AP56 -> 210.65078 | AQ52: =AQ53+AQ56 -> 146.52613
Q53: 2024 Planned | R53: -689.22687 | S53: -871.33632 | T53: -931.76405 | U53: -1037.8529 | V53: -699.32892 | W53: -432.80886 | X53: 417 | Y53: 327.4 | Z53: 654 | AA53: 824 | AB53: 518 | AC53: 77 | AE53: 2025 Planned Outages | AF53: 347.18258 | AG53: 442.09321 | AH53: 732.17882 | AI53: 711.29817 | AJ53: 257.0359 | AK53: 67.175833 | AL53: 46.325806 | AM53: 89.735484 | AN53: 381.66867 | AO53: 515.25597 | AP53: 124.00167 | AQ53: 96.526129
AE54: 2024 Plan | AF54: 347.97645 | AG54: 594.71779 | AH54: 237.86139 | AI54: 80.508333 | AJ54: 22.800161 | AK54: 59.756667 | AL54: 52.009677 | AM54: 102.17081 | AN54: =238.371666667333-7 -> 231.37167 | AO54: =349.070537633742-39 -> 310.07054 | AP54: =71.0011666666667-3 -> 68.001167 | AQ54: 0
Q55: 2023 planned and unplaned | R55: -518.53516 | S55: -905.1734 | T55: -815.41002 | U55: -696.64373 | V55: -460.26048 | AE55: 2024 Plan + Unplanned | AF55: 877.8921 | AG55: 1086.9943 | AH55: 629.3749 | AI55: 500.59283 | AJ55: 225.10806 | AK55: 227.28417 | AL55: 211.11274 | AM55: 122.99355 | AN55: 205.66433 | AO55: 381.26326 | AP55: 74.4243
R56: =R55*-1 -> 518.53516 | S56: =S55*-1 -> 905.1734 | T56: =T55*-1 -> 815.41002 | U56: =U55*-1 -> 696.64373 | V56: =V55*-1 -> 460.26048 | AE56: 2025 Unplanned Outages Estimate | AK56: 114 | AL56: 115.18911 | AM56: 116.97389 | AN56: 130.02667 | AO56: 81.888373 | AP56: 86.649111 | AQ56: 50
D57: Jan | E57: Feb | F57: Mar | G57: Apr | H57: May | I57: Jun | J57: Jul | K57: Aug | L57: Sep | M57: Oct | N57: Nov | O57: Dec | P57: 1Q AVG
C58: 2026 Plan as of Jul'26 | D58: 272.025 | E58: 560.67071 | F58: 449.29274 | G58: 403.18786 | H58: 165.51763 | I58: 120.30667 | J58: 103.96935 | K58: 104.15 | L58: 113.84167 | M58: 174.6871 | N58: 124.775 | O58: 106.00161
A59: 26 ‘25, 24, & '23 Planned & Unplanned | C59: 2026 Plan + Unplanned Estimate | D59: 668.68439 | E59: 981.80061 | F59: 880.54877 | G59: 883.83608 | H59: 639.23119 | I59: 520.6261 | J59: 477.89323 | K59: 401.43754 | L59: 395.7286 | M59: 450.27854 | N59: 373.0588 | O59: 339.01556 | P59: =AVERAGE(D59:F59) -> 843.67793
C60: 2025 Outages | D60: 689.22687 | E60: 871.33632 | F60: 931.76405 | G60: 1037.8529 | H60: 699.32892 | I60: 432.80886 | J60: 368.58534 | K60: 206.70937 | L60: 511.69533 | M60: 597.14434 | N60: 210.65078 | O60: 146.52613 | P60: =AVERAGE(D60:F60) -> 830.77575
C61: vs 2026 | D61: =(D59-D60)/D60 -> -0.029805102 | E61: =(E59-E60)/E60 -> 0.12677572 | F61: =(F59-F60)/F60 -> -0.054965924 | G61: =(G59-G60)/G60 -> -0.14839949 | H61: =(H59-H60)/H60 -> -0.085936287 | I61: =(I59-I60)/I60 -> 0.20290073 | J61: =(J59-J60)/J60 -> 0.29656058 | K61: =(K59-K60)/K60 -> 0.9420384 | ... O61: =(O59-O60)/O60 -> 1.3136867 | P61: =AVERAGE(D61:F61) -> 0.014001565 | S61: april 2025 note: | U61: BP Whiting | V61: Cenex McPherson | W61: P66 Wood River | X61: Flint Hills Pine Bend | Y61: Cenovus Toledo
C62: 2024 Outages | D62: 518.53516 | E62: 905.1734 | F62: 815.41002 | G62: 696.64373 | H62: 460.26048 | I62: 227.28417 | J62: 211.11274 | K62: 122.99355 | L62: 205.66433 | M62: 381.26326 | N62: 74.4243 | O62: 0 | P62: =AVERAGE(D62:F62) -> 746.37286
C63: vs 2026 | D63: =(D59-D62)/D62 -> 0.28956423 | E63: =(E59-E62)/E62 -> 0.084654735 | F63: =(F59-F62)/F62 -> 0.079884667 | G63: =(G59-G62)/G62 -> 0.26870599 | H63: =(H59-H62)/H62 -> 0.38884656 | I63: =(I59-I62)/I62 -> 1.2906395 | J63: =(J59-J62)/J62 -> 1.2636873 | K63: =(K59-K62)/K62 -> 2.263891 | ... O63: =(O59-O62)/O62 -> #DIV/0! | P63: =AVERAGE(D63:F63) -> 0.15136788
C64: 2023 Outages | D64: 417.94819 | E64: 512.316 | F64: 415.3019 | G64: 283.595 | H64: 218.23032 | I64: 236.043 | J64: 127.59258 | K64: 245.76065 | L64: 323.255 | M64: 530.40581 | N64: 239.637 | O64: 58.000645 | P64: =AVERAGE(D64:F64) -> 448.52203
C65: vs 2026 | D65: =(D59-D64)/D64 -> 0.59992172 | E65: =(E59-E64)/E64 -> 0.91639655 | F65: =(F59-F64)/F64 -> 1.1202618 | G65: =(G59-G64)/G64 -> 2.1165432 | H65: =(H59-H64)/H64 -> 1.9291584 | I65: =(I59-I64)/I64 -> 1.2056409 | J65: =(J59-J64)/J64 -> 2.7454625 | K65: =(K59-K64)/K64 -> 0.63344924 | ... O65: =(O59-O64)/O64 -> 4.8450309 | P65: =AVERAGE(D65:F65) -> 0.87886003
A66: 26 ‘25, 24, & '23 Planned ONLY | C66: 2026 Plan | D66: 484.025 | E66: 772.67071 | F66: 661.29274 | G66: 615.18786 | H66: 377.51763 | I66: 332.30667 | J66: 315.96935 | K66: 316.15 | L66: 325.84167 | M66: 386.6871 | N66: 336.775 | O66: 318.00161 | P66: =AVERAGE(D66:F66) -> 639.32949
C67: 2025 Outages | D67: 347.18258 | E67: 442.09321 | F67: 732.17882 | G67: 711.29817 | H67: 257.0359 | I67: 67.175833 | J67: 46.325806 | K67: 89.735484 | L67: 381.66867 | M67: 515.25597 | N67: 124.00167 | O67: 96.526129 | P67: =AVERAGE(D67:F67) -> 507.15154
C68: vs 2026 | D68: =(D66-D67)/D67 -> 0.39415117 | E68: =(E66-E67)/E67 -> 0.7477552 | F68: =(F66-F67)/F67 -> -0.096815257 | G68: =(G66-G67)/G67 -> -0.13511958 | H68: =(H66-H67)/H67 -> 0.46873503 | I68: =(I66-I67)/I67 -> 3.9468187 | J68: =(J66-J67)/J67 -> 5.8205905 | K68: =(K66-K67)/K67 -> 2.5231325 | ... O68: =(O66-O67)/O67 -> 2.2944615 | P68: =AVERAGE(D68:F68) -> 0.3483637
C69: 2024 Outages | D69: 347.97645 | E69: 594.71779 | F69: 237.86139 | G69: 80.508333 | H69: 22.800161 | I69: 59.756667 | J69: 52.009677 | K69: 102.17081 | L69: =238.371666667333-7 -> 231.37167 | M69: =349.070537633742-39 -> 310.07054 | N69: =71.0011666666667-3 -> 68.001167 | O69: 0 | P69: =AVERAGE(D69:F69) -> 393.51854
C70: vs 2026 | D70: =(D66-D69)/D69 -> 0.39097056 | E70: =(E66-E69)/E69 -> 0.29922247 | F70: =(F66-F69)/F69 -> 1.7801601 | G70: =(G66-G69)/G69 -> 6.6412942 | H70: =(H66-H69)/H69 -> 15.557674 | I70: =(I66-I69)/I69 -> 4.5609974 | J70: =(J66-J69)/J69 -> 5.0752031 | K70: =(K66-K69)/K69 -> 2.0943281 | ... O70: =(O66-O69)/O69 -> #DIV/0! | P70: =AVERAGE(D70:F70) -> 0.82345104
C71: 2023 Outages | D71: 238.07847 | E71: 467.7776 | F71: 370.22563 | G71: 218.85433 | H71: 116.55783 | I71: 63.005667 | J71: 1.7406667 | K71: 63.729 | L71: 165.49833 | M71: 445.019 | N71: 196.645 | O71: 29.198333 | P71: =AVERAGE(D71:F71) -> 358.6939
C72: vs 2026 | D72: =(D66-D71)/D71 -> 1.0330482 | E72: =(E66-E71)/E71 -> 0.65179075 | F72: =(F66-F71)/F71 -> 0.78618843 | G72: =(G66-G71)/G71 -> 1.8109467 | H72: =(H66-H71)/H71 -> 2.2388869 | I72: =(I66-I71)/I71 -> 4.2742346 | J72: =(J66-J71)/J71 -> 180.52203 | K72: =(K66-K71)/K71 -> 3.9608498 | ... O72: =(O66-O71)/O71 -> 9.8910878 | P72: =AVERAGE(D72:F72) -> 0.8236758 | Q72: plan+unplan | R72: =R79+128 -> 584.68439 | S72: =S79+128 -> 897.80061 | T72: =T79+128 -> 796.54877 | U72: =U79+128 -> 799.83608 | V72: =V79+128 -> 555.23119 | W72: =W79+128 -> 436.6261 | X72: =X79+128 -> 393.89323 | Y72: =Y79+128 -> 317.43754 | ... AC72: =AC79+128 -> 255.01556
D73: Jan | E73: Feb | F73: Mar | G73: Apr | H73: May | I73: Jun | J73: Jul | K73: Aug | L73: Sep | M73: Oct | N73: Nov | O73: Dec | Q73: plan | R73: =R80+128 -> 400.025 | S73: =S80+128 -> 688.67071 | T73: =T80+128 -> 577.29274 | U73: =U80+128 -> 531.18786 | V73: =V80+128 -> 293.51763 | W73: =W80+128 -> 248.30667 | X73: =X80+128 -> 231.96935 | Y73: =Y80+128 -> 232.15 | ... AC73: =AC80+128 -> 234.00161
B74: 2026 Unplanned estimate 3yr avg | D74: 200 | E74: 230 | F74: 230 | G74: 200 | H74: 150 | I74: 230 | J74: 200 | K74: 100 | L74: 80 | M74: 80 | N74: 50 | O74: 25
B75: 2025 Unplanned | D75: =D60-D67 -> 342.04429 | E75: =E60-E67 -> 429.24311 | F75: =F60-F67 -> 199.58522 | G75: =G60-G67 -> 326.55475 | H75: =H60-H67 -> 442.29302 | I75: =I60-I67 -> 365.63303 | J75: =J60-J67 -> 322.25954 | K75: =K60-K67 -> 116.97389 | ... O75: =O60-O67 -> 50
B76: 2024 Unplanned | D76: =D62-D69 -> 170.55871 | E76: =E62-E69 -> 310.45561 | F76: =F62-F69 -> 577.54863 | G76: =G62-G69 -> 616.1354 | H76: =H62-H69 -> 437.46032 | I76: =I62-I69 -> 167.5275 | J76: =J62-J69 -> 159.10306 | K76: =K62-K69 -> 20.822742 | ... O76: =O62-O69 -> 0 | Q76: adding Lyondell | R76: 584.68439 | S76: 897.80061 | T76: 796.54877 | U76: 799.83608 | V76: 555.23119 | W76: 436.6261 | X76: 393.89323 | Y76: 317.43754 | Z76: 311.7286 | AA76: 366.27854 | AB76: 289.0588 | AC76: 255.01556
B77: 2023 Unplanned | D77: =D64-D71 -> 179.86973 | E77: =E64-E71 -> 44.5384 | F77: =F64-F71 -> 45.07627 | G77: =G64-G71 -> 64.740667 | H77: =H64-H71 -> 101.67249 | I77: =I64-I71 -> 173.03733 | J77: =J64-J71 -> 125.85191 | K77: =K64-K71 -> 182.03165 | ... O77: =O64-O71 -> 28.802312 | Q77: adding Lyondell | R77: 400.025 | S77: 688.67071 | T77: 577.29274 | U77: 531.18786 | V77: 293.51763 | W77: 248.30667 | X77: 231.96935 | Y77: 232.15 | Z77: 241.84167 | AA77: 302.6871 | AB77: 252.775 | AC77: 234.00161
B78: avg | D78: =AVERAGE(D75:D77) -> 230.82424 | E78: =AVERAGE(E75:E77) -> 261.41237 | F78: =AVERAGE(F75:F77) -> 274.07004 | G78: =AVERAGE(G75:G77) -> 335.81027 | H78: =AVERAGE(H75:H77) -> 327.14194 | I78: =AVERAGE(I75:I77) -> 235.39929 | J78: =AVERAGE(J75:J77) -> 202.40484 | K78: =AVERAGE(K75:K77) -> 106.60943 | ... O78: =AVERAGE(O75:O77) -> 26.267437
B79: 80% avg | D79: =D78*0.8 -> 184.65939 | E79: =E78*0.8 -> 209.1299 | F79: =F78*0.8 -> 219.25603 | G79: =G78*0.8 -> 268.64822 | H79: =H78*0.8 -> 261.71355 | I79: =I78*0.8 -> 188.31943 | J79: =J78*0.8 -> 161.92387 | K79: =K78*0.8 -> 85.28754 | ... O79: =O78*0.8 -> 21.01395 | Q79: without | R79: 456.68439 | S79: 769.80061 | T79: 668.54877 | U79: 671.83608 | V79: 427.23119 | W79: 308.6261 | X79: 265.89323 | Y79: 189.43754 | Z79: 183.7286 | AA79: 238.27854 | AB79: 161.0588 | AC79: 127.01556
R80: 272.025 | S80: 560.67071 | T80: 449.29274 | U80: 403.18786 | V80: 165.51763 | W80: 120.30667 | X80: 103.96935 | Y80: 104.15 | Z80: 113.84167 | AA80: 174.6871 | AB80: 124.775 | AC80: 106.00161
Q83: Add lyondell and p66 wilmington and carson
R84: =R76+65+19 -> 668.68439 | S84: =S76+65+19 -> 981.80061 | T84: =T76+65+19 -> 880.54877 | U84: =U76+65+19 -> 883.83608 | V84: =V76+65+19 -> 639.23119 | W84: =W76+65+19 -> 520.6261 | X84: =X76+65+19 -> 477.89323 | Y84: =Y76+65+19 -> 401.43754 | ... AC84: =AC76+65+19 -> 339.01556
R85: =R77+65+19 -> 484.025 | S85: =S77+65+19 -> 772.67071 | T85: =T77+65+19 -> 661.29274 | U85: =U77+65+19 -> 615.18786 | V85: =V77+65+19 -> 377.51763 | W85: =W77+65+19 -> 332.30667 | X85: =X77+65+19 -> 315.96935 | Y85: =Y77+65+19 -> 316.15 | ... AC85: =AC77+65+19 -> 318.00161

Sheet 1h26 US & PADD
A1: Years (Date*) | B1: 2024 | C1: 2025 | D1: 2026 | P1: Power BI Dump | V1: Manual vs Power BI | Z1: Puwer
G2: Sum of Gasoline Production Offline (KBD) | Y2: planned
A3: Month | B3: 2024 | C3: 2025 | D3: 2026 | Q3: Sum of [Selected_Measure_Yield] | R3: Column Labels
A4: Jan | B4: 376.30645 | C4: 347.18258 | D4: 272.025 | Q4: Month | R4: 2023 | S4: 2024 | T4: 2025 | U4: 2026
A5: Feb | B5: 706.91177 | C5: 441.12196 | D5: 560.67071
A6: Mar | B6: 527.93234 | C6: 724.38673 | D6: 449.29274 | Q6: Jan | R6: 713.58045 | S6: 971.73865 | T6: 372.22213 | U6: 294.74613 | V6: =U6-D4 -> 22.721129
A7: Apr | B7: 572.57733 | C7: 672.1815 | D7: 403.18786 | Q7: Feb | R7: 1128.2901 | S7: 1337.8524 | T7: 839.72214 | U7: 468.11875 | V7: =U7-D5 -> -92.551964
A8: May | B8: 346.6386 | C8: 233.31655 | D8: 165.51763 | Q8: Mar | R8: 1003.2088 | S8: 915.41658 | T8: 865.88597 | U8: 527.37455 | V8: =U8-D6 -> 78.081806
A9: Jun | B9: 107.33 | C9: 75.509167 | D9: 120.30667 | Q9: Apr | R9: 918.93967 | S9: 771.28017 | T9: 562.44417 | U9: 274.53953 | V9: =U9-D7 -> -128.64833
A10: Jul | B10: 60.376344 | C10: 52.535484 | D10: 103.96935 | Q10: May | R10: 604.21 | S10: 477.80113 | T10: 278.07419 | U10: 61.096065 | V10: =U10-D8 -> -104.42157
A11: Aug | B11: 132.18694 | C11: 44.824194 | D11: 104.15 | Q11: Jun | R11: 424.29433 | S11: 372.3035 | T11: 69.5495 | U11: 18.656667 | V11: =U11-D9 -> -101.65
A12: Sep | B12: 443.19467 | C12: 462.70733 | D12: 113.84167 | Q12: Jul | R12: 388.18903 | S12: 69.619323 | T12: 42.852903 | V12: =U12-D10 -> -103.96935
A13: Oct | B13: 662.20442 | C13: 600.7421 | D13: 174.6871 | Q13: Aug | R13: 536.08629 | S13: 81.140968 | T13: 50.98 | V13: =U13-D11 -> -104.15
A14: Nov | B14: 122.8495 | C14: 194.55167 | D14: 124.775 | Q14: Sep | R14: 928.43277 | S14: 327.857 | T14: 343.231 | V14: =U14-D12 -> -113.84167
A15: Dec | B15: 6.4580645 | C15: 96.526129 | D15: 106.00161 | Q15: Oct | R15: 1775.1201 | S15: 593.54632 | T15: 566.18839 | V15: =U15-D13 -> -174.6871
A16: Grand Total | D16: 2698.4253 | Q16: Nov | R16: 913.20733 | S16: 231.79147 | T16: 130.427 | V16: =U16-D14 -> -124.775
Q17: Dec | R17: 348.58784 | S17: 14.98 | T17: 4.6451613 | V17: =U17-D15 -> -106.00161
Q18: Grand Total | R18: 9682.1468 | S18: 6165.3275 | T18: 4126.2226 | U18: 1644.5317 | V18: =U18-D16 -> -1053.8937
A20: Padd 3
A22: Jan | B22: 343.11774 | C22: 288.69032 | D22: 246.11532 | Q22: Sum of [Selected_Measure_Yield] | R22: Column Labels
A23: Feb | B23: 604.0628 | C23: 293.54107 | D23: 386.82679 | R23: 2023 | S23: 2024 | T23: 2025 | U23: 2026
A24: Mar | B24: 235.24526 | C24: 222.98024 | D24: 206.43468 | Q24: Row Labels
A25: Apr | B25: 78.808333 | C25: 147.22667 | D25: 38.385833 | Q25: Jan | R25: 420.20239 | S25: 818.41458 | T25: 288.47903 | U25: 182.74677 | V25: =U25-D22 -> -63.368548
A26: May | B26: 22.755 | C26: 34.555903 | D26: 9.9395161 | Q26: Feb | R26: 682.32993 | S26: 1135.9814 | T26: 713.39214 | U26: 301.81554 | V26: =U26-D23 -> -85.01125
A27: Jun | B27: 59.156667 | C27: 17.933333 | D27: 2.75 | Q27: Mar | R27: 610.4161 | S27: 587.1049 | T27: 588.23581 | U27: 156.04268 | V27: =U27-D24 -> -50.392
A28: Jul | B28: 56.459677 | C28: 1.8580645 | D28: 0.91935484 | Q28: Apr | R28: 446.31633 | S28: 411.00817 | T28: 78.730833 | U28: 31.1884 | V28: =U28-D25 -> -7.1974333
A29: Aug | B29: 107.7579 | Q29: May | R29: 301.50048 | S29: 244.82677 | T29: 6.4919355 | U29: 14.561613 | V29: =U29-D26 -> 4.6220968
A30: Sep | B30: 178.73 | C30: 195.60533 | Q30: Jun | R30: 302.91233 | S30: 184.1195 | T30: 1.6333333 | U30: 8.25 | V30: =U30-D27 -> 5.5
A31: Oct | B31: 290.5279 | C31: 321.95806 | Q31: Jul | R31: 259.14387 | S31: 30.447581 | T31: 8.9806452 | V31: =U31-D28 -> -0.91935484
A32: Nov | B32: 76.9545 | C32: 40.338333 | Q32: Aug | R32: 278.36097 | S32: 69.406452 | T32: 9.6
Q33: Sep | R33: 528.285 | S33: 113.37067 | T33: 122.007
Q34: Oct | R34: 1096.9484 | S34: 329.23003 | T34: 322.8029
Q35: Nov | R35: 620.05 | S35: 166.4423 | T35: 57.464667
Q36: Dec | R36: 230.55961 | S36: 14.500968 | T36: 4.6451613
Q37: Grand Total | R37: 5777.0254 | S37: 4104.8533 | T37: 2202.4635 | U37: 694.605
A38: Padd 2
B39: 2024 | C39: 2025 | D39: 2026
A40: Jan | C40: 8.6370968 | Q40: Sum of [Selected_Measure_Yield] | R40: Column Labels
A41: Feb | B41: 13.6 | C41: 36.455357 | D41: 146.72143 | R41: 2023 | S41: 2024 | T41: 2025 | U41: 2026
A42: Mar | B42: 134.09944 | C42: 280.16213 | D42: 155.92823 | Q42: Row Labels
A43: Apr | B43: 343.47233 | C43: 383.5415 | D43: 148.97167 | Q43: Jan | R43: 187.67 | S43: 90 | T43: 29.506323 | U43: 0
A44: May | B44: 148.09726 | C44: 110.88065 | D44: 23.029839 | Q44: Feb | R44: 194.47893 | S44: 103.36621 | T44: 64.859 | U44: 137.81786 | V44: =U44-D41 -> -8.9035714
A45: Jun | C45: 45.25 | Q45: Mar | R45: 225.18339 | S45: 163.40016 | T45: 190.22871 | U45: 84.803226 | V45: =U45-D42 -> -71.125
A46: Jul | B46: 3.9166667 | C46: 36.193548 | Q46: Apr | R46: 276.396 | S46: 226.50133 | T46: 351.62783 | U46: 56.081667 | V46: =U46-D43 -> -92.89
A47: Aug | B47: 0 | C47: 42.25 | Q47: May | R47: 137.33742 | S47: 113.01387 | T47: 161.14806 | U47: 11.453226 | V47: =U47-D44 -> -11.576613
A48: Sep | B48: 212.34333 | C48: 177.59833 | D48: 10.791667 | Q48: Jun | R48: 90 | S48: 45.804667 | T48: 55.68 | V48: =U48-D45 -> 0
A49: Oct | B49: 347.76452 | C49: 105.96371 | D49: 64.75 | Q49: Jul | R49: 100.67871 | S49: 35.771742 | T49: 33.370968 | V49: =U49-D46 -> 0
A50: Nov | B50: 43.561667 | C50: 4.2933333 | D50: 6.475 | Q50: Aug | R50: 91.419355 | S50: 8.7345161 | T50: 41.38
A51: Grand Total | B51: 1246.8552 | C51: 1231.2257 | D51: 556.66783 | Q51: Sep | R51: 323.94977 | S51: 164.105 | T51: 199.916 | U51: 53.958333
Q52: Oct | R52: 406.71465 | S52: 234.14435 | T52: 131.22097 | U52: 64.75
Q53: Nov | R53: 135.98667 | S53: 62.874167
Q54: Dec | R54: 90
Q55: Grand Total | R55: 2259.8149 | S55: 1247.716 | T55: 1258.9379 | U55: 290.15598
A56: Padd 5
A58: Jan | B58: 33.18871 | C58: 38.525806 | D58: 25.909677
A59: Feb | B59: 51.103448 | C59: 67.828571 | D59: 8.3725 | Q59: Sum of [Selected_Measure_Yield] | R59: Column Labels
A60: Mar | B60: 71.543333 | C60: 180.20645 | D60: 11.34 | R60: 2023 | S60: 2024 | T60: 2025 | U60: 2026
A61: Apr | B61: 105.24333 | C61: 109.64833 | D61: 118.53933 | Q61: Row Labels
A62: May | B62: 161.95839 | C62: 72.732258 | D62: 129.53409 | Q62: Jan | R62: 64.614839 | S62: 57.735484 | T62: 54.236774 | U62: 111.99935
A63: Jun | B63: 48.173333 | D63: 117.55667 | Q63: Feb | R63: 121.1325 | S63: 59.781034 | T63: 34.670286 | U63: 23.006429
A64: Jul | C64: 14.483871 | D64: 103.05 | Q64: Mar | R64: 48.76 | S64: 48.573871 | T64: 41.109677 | U64: 54.32
A65: Aug | B65: 21.429032 | C65: 2.5741935 | D65: 103.05 | Q65: Apr | R65: 122.61483 | S65: 54.3384 | T65: 91.32 | U65: 21.542333
A66: Sep | B66: 4.95 | C66: 82.603333 | D66: 103.05 | Q66: May | R66: 99.754677 | S66: 110.4329 | T66: 75.193548 | U66: 32.514516
A67: Oct | B67: 4.0806452 | C67: 167.38516 | D67: 103.05 | Q67: Jun | R67: 25.131667 | S67: 142.37933 | T67: 0.26 | U67: 10.406667
A68: Nov | C68: 149.92 | D68: 103.05 | Q68: Jul | S68: 2.7225806 | T68: 0
A69: Dec | B69: 6.4580645 | C69: 93.574516 | D69: 103.05 | Q69: Aug | R69: 27.870968 | T69: 0
Q70: Sep | R70: 20.063333 | S70: 6.6 | T70: 18.231333
Q71: Oct | R71: 149.26645 | S71: 8.6225806 | T71: 105.76226
Q72: Nov | R72: 108.31733 | S72: 2.475 | T72: 72.962333
Q73: Dec | R73: 24.894355 | S73: 0.47903226
Q74: Grand Total | R74: 812.42096 | S74: 494.14022 | T74: 493.74621 | U74: 253.7893

Sheet June Monthly updated 725
A1: P3 / Other | B1: PADD | C1: Gas Production Offline (kbd) | D1: % Gas Prod offline vs PADD Gas Prod | E1: Planned Start | F1: Planned End | G1: Units | I1: Notes | J1: 45322 | K1: 45351 | L1: 45382 | M1: 45412 | N1: 45443 | P1: 45688 | Q1: 45716 | R1: 45747 | S1: 45777 | T1: 45808 | U1: 45838 | V1: 45869 | W1: 31 | X1: Missing data check | Y1: 45233 | Z1: 45240 | AA1: 45247 | AB1: 45254 | AC1: 45261 | AD1: 45268 | AE1: 45275 | AF1: 45282 | AG1: 45289 | AH1: 45296 | AI1: 45303 | AJ1: 45310 | AK1: 45317 | AL1: 45324 | AM1: 45331 | AN1: 45338 | AO1: 45345 | AP1: 45352 | AQ1: 45359 | AR1: 45366 | AS1: 45373 | AT1: 45380 | AU1: 45387 | AV1: 45394 | AW1: 45401 | AX1: 45408 | AY1: 45415 | AZ1: 45422 | BA1: 45429 | BB1: 45436 | BC1: 45443 | BD1: 45450 | BE1: 45457 | BF1: 45464 | BG1: 45471 | BH1: 45478 | BI1: 45485 | BJ1: 45492 | BK1: 45499 | BL1: 45506 | BM1: 45513 | BN1: 45520 | BO1: 45527 | BP1: 45534 | BQ1: 45541 | BR1: 45548 | BS1: 45555 | BT1: 45562 | BU1: 45569 | BV1: 45576 | BW1: 45583 | BX1: 45590 | BY1: 45597 | BZ1: 45604 | CA1: 45611 | CB1: 45618 | CC1: 45625 | CD1: 45632 | CE1: 45639 | CF1: 45646 | CG1: 45653 | CH1: 45660 | CI1: 45667 | CJ1: 45674 | CK1: 45681 | CL1: 45688 | CM1: 45695 | CN1: 45702 | CO1: 45709 | CP1: 45716 | CQ1: 45723 | CR1: 45730 | CS1: 45737 | CT1: 45744 | CU1: 45751 | CV1: 45758 | CW1: 45765 | CX1: 45772 | CY1: 45779 | CZ1: 45786 | DA1: 45793 | DB1: 45800 | DC1: 45807 | DD1: 45814 | DE1: 45821 | DF1: 45828 | DG1: 45835 | DH1: 45842 | DI1: 45849 | DJ1: 45856 | DK1: 45863 | DL1: 45870 | DM1: 45877 | DN1: 45884 | DO1: 45891 | DP1: 45898 | DQ1: 45905 | DR1: 45912 | DS1: 45919 | DT1: 45926 | DU1: 45933 | DV1: 45940 | DW1: 45947 | DX1: 45954 | DY1: 45961 | DZ1: 45968 | EA1: 45975 | EB1: 45982 | EC1: 45989 | ED1: 45996 | EE1: 46003 | EF1: 46010 | EG1: 46017 | EH1: 46024 | EI1: 46031 | EJ1: 46038 | EK1: 46045 | EL1: 46052 | EM1: 46059 | EN1: 46066 | EO1: 46073 | EP1: 46080 | EQ1: 46087 | ER1: 46094 | ES1: 46101 | ET1: 46108 | EU1: 46115 | EV1: 46122 | EW1: 46129 | EX1: 46136 | EY1: 46143 | EZ1: 46150 | FA1: 46157 | FB1: 46164 | FC1: 46171 | FD1: 46178 | FE1: 46185 | FF1: 46192 | FG1: 46199 | FH1: 46206 | FI1: 46213 | FJ1: 46220
A2: CVR Coffeyville | B2: 2 | D2: =C2/VLOOKUP(B2,'[2]Gas Prod per PADD'!$A$1:$C$6,2,FALSE) -> 0 | E2: 45293 | F2: 45296 | G2: Coker (26) | J2: =C2*(E2-F2)/31 -> 0 | X2: =IF(COUNTA(Y2:EI2)=0,"Missing","OK") -> Missing
A3: Pemex Deer Park | B3: 3 | D3: =C3/VLOOKUP(B3,'[2]Gas Prod per PADD'!$A$1:$C$6,2,FALSE) -> 0 | E3: 45296 | F3: 45298 | G3: HCC (67) | J3: =C3*(E3-F3)/31 -> 0 | X3: =IF(COUNTA(Y3:EI3)=0,"Missing","OK") -> Missing
A4: El Segundo | B4: 5 | D4: =C3/VLOOKUP(B4,'[2]Gas Prod per PADD'!$A$1:$C$6,2,FALSE) -> 0 | E4: 45286 | F4: 45299 | G4: HCC (45), FCC (73), Alky (33), hydrogen plant | X4: =IF(COUNTA(Y4:EI4)=0,"Missing","OK") -> OK | EG4: 46017 | EH4: 46024 | EI4: 46031
A5: Houston | B5: 3 | D5: =C5/VLOOKUP(B5,'[2]Gas Prod per PADD'!$A$1:$C$6,2,FALSE) -> 0 | E5: 45297 | F5: 45299 | G5: DC 736 (42) | J5: =C5*(E5-F5)/31 -> 0 | X5: =IF(COUNTA(Y5:EI5)=0,"Missing","OK") -> Missing
A6: Monroe Trainer | B6: 1 | C6: =200*0.1+53*0.65+50*0.85+23*0.05+1.9 -> 100 | D6: =C6/VLOOKUP(B6,'[2]Gas Prod per PADD'!$A$1:$C$6,2,FALSE) -> 0.20833333 | E6: 45300 | F6: 45302 | G6: CDU(x2)/FCC/Alky/Reformer/HDC | H6: Unplanned - Up Updated gas offline from 30kbd to 100 | I6: Whole refinery down due to power outage, then slow restart on 1/11 until 1/17 | J6: =C6*(E6-F6)/31 -> -6.4516129 | X6: =IF(COUNTA(Y6:EI6)=0,"Missing","OK") -> OK | AI6: =-4/7*C6 -> -57.142857 | AK6: =-AI6 -> 57.142857
A7: Total Port Arthur | B7: 3 | C7: =(0.5*80*0.6)+((245-180)*0.1)-0.5 -> 30 | D7: =C7/VLOOKUP(B7,'[2]Gas Prod per PADD'!$A$1:$C$6,2,FALSE) -> 0.0065217391 | E7: 45302 | F7: 45303 | G7: FCC (80), CDU (60) | H7: Unplanned - Up, cut back until 1/16 when it SD for freeze | I7: was Assuming full rate 1/18 then SD for freeze | J7: =C7*(E7-F7)/31 -> -0.96774194 | X7: =IF(COUNTA(Y7:EI7)=0,"Missing","OK") -> OK | AI7: =(1/7)*$C7*-1 -> -4.2857143 | AJ7: =(3/7)*$C7*-1 -> -12.857143
A8: Cenex McPherson | B8: 2 | D8: =C8/VLOOKUP(B8,'[2]Gas Prod per PADD'!$A$1:$C$6,2,FALSE) -> 0 | E8: 45304 | F8: 45306 | G8: CR (24) | H8: removed | J8: =C8*(E8-F8)/31 -> 0 | X8: =IF(COUNTA(Y8:EI8)=0,"Missing","OK") -> Missing
A9: Houston | B9: 3 | D9: =C9/VLOOKUP(B9,'[2]Gas Prod per PADD'!$A$1:$C$6,2,FALSE) -> 0 | E9: 45297 | F9: 45307 | G9: Coker (57) | J9: =C9*(E9-F9)/31 -> 0 | X9: =IF(COUNTA(Y9:EI9)=0,"Missing","OK") -> Missing
A10: Valero Houston | B10: 3 | C10: =50*0.2 -> 10 | D10: =C10/VLOOKUP(B10,'[2]Gas Prod per PADD'!$A$1:$C$6,2,FALSE) -> 0.002173913 | E10: 45307 | F10: 45309 | G10: Reduced rate. Assuming crude shed 45kbd | H10: vs original | J10: =C10*(E10-F10)/31 -> -0.64516129 | X10: =IF(COUNTA(Y10:EI10)=0,"Missing","OK") -> OK | AJ10: =(E10-$AJ$1)/7*C10 -> -4.2857143 | AK10: =-AJ10 -> 4.2857143
A11: Corpus Christi (West) | B11: 3 | D11: =C11/VLOOKUP(B11,'[2]Gas Prod per PADD'!$A$1:$C$6,2,FALSE) -> 0 | E11: 45298 | F11: 45310 | G11: HCC (49) | J11: =C11*(E11-F11)/31 -> 0 | X11: =IF(COUNTA(Y11:EI11)=0,"Missing","OK") -> Missing
A12: Marathon Garyville | B12: 3 | C12: =220*0.2+1 -> 45 | D12: =C12/VLOOKUP(B12,'[2]Gas Prod per PADD'!$A$1:$C$6,2,FALSE) -> 0.0097826087 | E12: 45306 | F12: 45310 | G12: CDU/VDU | H12: Freeze. Same Crude unit that has planned TA on 1/19, Updating outage to 9/17 based on flaring on 9/16 | J12: =C12*(E12-F12)/31 -> -5.8064516 | X12: =IF(COUNTA(Y12:EI12)=0,"Missing","OK") -> OK | AJ12: =(E12-F12)/7*C12 -> -25.714286
A13: HF Sinclair Anacortes | B13: 5 | C13: =26*0.3+140/2*0.2-4.8 -> 17 | D13: =C13/VLOOKUP(B13,'[2]Gas Prod per PADD'!$A$1:$C$6,2,FALSE) -> 0.012592593 | E13: 45306 | F13: 45310 | G13: SD Coker and reduce crude 45kbd | H13: Freeze. Up | J13: =C13*(E13-F13)/31 -> -2.1935484 | X13: =IF(COUNTA(Y13:EI13)=0,"Missing","OK") -> OK | EG13: 46017 | EH13: 46024 | EI13: 46031
A14: FH Corpus West | B14: 3 | C14: =55*0.85*0.2/2+197*0.26-0.9 -> 54.995 | D14: =C14/VLOOKUP(B14,'[2]Gas Prod per PADD'!$A$1:$C$6,2,FALSE) -> 0.011955435 | E14: 45306 | F14: 45310 | G14: CDU SD / Reduced rate at the FCC | H14: Freeze. Up. Updated from 1/16-1/23 | J14: =C14*(E14-F14)/31 -> -7.096129 | X14: =IF(COUNTA(Y14:EI14)=0,"Missing","OK") -> OK | AJ14: =(E14-F14)/7*C14 -> -31.425714 | AK14: =-AJ14*2/3 -> 20.950476 | AL14: =-AJ14-AK14 -> 10.475238
A15: XOM Baytown | B15: 3 | C15: =70*0.2+1 -> 15 | D15: =C15/VLOOKUP(B15,'[2]Gas Prod per PADD'!$A$1:$C$6,2,FALSE) -> 0.0032608696 | E15: 45307 | F15: 45310 | G15: Crude shed of 70kbd | H15: Freeze. | J15: =C15*(E15-F15)/31 -> -1.4516129 | X15: =IF(COUNTA(Y15:EI15)=0,"Missing","OK") -> OK | AJ15: =(E15-F15)/7*C15 -> -6.4285714 | AK15: =-AJ15 -> 6.4285714
A16: XOM Baton Rouge | B16: 3 | C16: =45*0.2+1 -> 10 | D16: =C16/VLOOKUP(B16,'[2]Gas Prod per PADD'!$A$1:$C$6,2,FALSE) -> 0.002173913 | E16: 45307 | F16: 45310 | G16: Crude shed of 45kbd | H16: Freeze. | J16: =C16*(E16-F16)/31 -> -0.96774194 | X16: =IF(COUNTA(Y16:EI16)=0,"Missing","OK") -> OK | AJ16: =(E16-F16)/7*C16 -> -4.2857143 | AK16: =-AJ16 -> 4.2857143
A17: Valero Texas City | B17: 3 | C17: =50*0.2 -> 10 | D17: =C17/VLOOKUP(B17,'[2]Gas Prod per PADD'!$A$1:$C$6,2,FALSE) -> 0.002173913 | E17: 45307 | F17: 45310 | G17: Complex 4 reduced rate. Assuming crde shed 50kbd | H17: Freeze. | J17: =C17*(E17-F17)/31 -> -0.96774194 | X17: =IF(COUNTA(Y17:EI17)=0,"Missing","OK") -> OK | AJ17: =(E17-$AJ$1)/7*C17 -> -4.2857143 | AK17: =-AJ17 -> 4.2857143
A18: P66 Wood River | B18: 2 | C18: =356*0.2*1/4+5.2 -> 23 | D18: =C18/VLOOKUP(B18,'[2]Gas Prod per PADD'!$A$1:$C$6,2,FALSE) -> 0.0095833333 | E18: 45307 | F18: 45310 | G18: Upset assuming reduced crude ~115kbd | H18: Freeze. | J18: =C18*(E18-F18)/31 -> -2.2258065 | X18: =IF(COUNTA(Y18:EI18)=0,"Missing","OK") -> OK | AJ18: =(E18-F18)/7*C18 -> -9.8571429 | AK18: =-AJ18 -> 9.8571429
A19: Marathon Galveston Bay | B19: 3 | D19: =C19/VLOOKUP(B19,'[2]Gas Prod per PADD'!$A$1:$C$6,2,FALSE) -> 0 | E19: 45309 | F19: 45310 | G19: CDU (50) | J19: =C19*(E19-F19)/31 -> 0 | X19: =IF(COUNTA(Y19:EI19)=0,"Missing","OK") -> OK | AL19: 1.8571429 | AT19: =-1*$C70*0.8 -> -16 | AU19: =-1*$C70*0.2 -> -4 | AV19: =8 -> 8 | AW19: 2.5
A20: El Paso | B20: 3 | D20: =C20/VLOOKUP(B20,'[2]Gas Prod per PADD'!$A$1:$C$6,2,FALSE) -> 0 | E20: 45314 | F20: 45316 | G20: FCCU (29.5) | J20: =C20*(E20-F20)/31 -> 0 | X20: =IF(COUNTA(Y20:EI20)=0,"Missing","OK") -> OK | AL20: 5.4785714
A21: Citgo Lake Charles | B21: 3 | C21: =53*0.85-0.05 -> 45 | D21: =C21/VLOOKUP(B21,'[2]Gas Prod per PADD'!$A$1:$C$6,2,FALSE) -> 0.0097826087 | E21: 45299 | F21: 45317 | G21: Ref | H21: Down - Unplanned. Assuming SU by 1/26 | I21: Only from Genscape | J21: =C21*(E21-F21)/31 -> -26.129032 | X21: =IF(COUNTA(Y21:EI21)=0,"Missing","OK") -> OK | AI21: =(E21-#REF!)/7*C21/2 -> #REF! | AJ21: =-C21*2/3-AI21 -> #REF! | AK21: =-(AI21+AJ21)/2 -> #REF! | AL21: =AK21 -> #REF!
A22: Lake Charles | B22: 3 | D22: =C22/VLOOKUP(B22,'[2]Gas Prod per PADD'!$A$1:$C$6,2,FALSE) -> 0 | E22: 45308 | F22: 45317 | G22: HCC (50) | J22: =C22*(E22-F22)/31 -> 0 | X22: =IF(COUNTA(Y22:EI22)=0,"Missing","OK") -> OK | AL22: 2.5
A23: Cenovus Lima | B23: 2 | C23: =23*0.3+0.1 -> 7 | D23: =C23/VLOOKUP(B23,'[2]Gas Prod per PADD'!$A$1:$C$6,2,FALSE) -> 0.0029166667 | E23: 45310 | F23: 45320 | G23: Coker SD due to instrument issue due to cold | H23: Freeze. Assuming up 1/29 | J23: =C23*(E23-F23)/31 -> -2.2580645 | X23: =IF(COUNTA(Y23:EI23)=0,"Missing","OK") -> OK | AK23: =-C23 -> -7 | AL23: =(E23-F23)/7*C23 -> -10 | AM23: =C23-AL23 -> 17
A24: Port Allen | B24: 3 | D24: =C24/VLOOKUP(B24,'[2]Gas Prod per PADD'!$A$1:$C$6,2,FALSE) -> 0 | E24: 45303 | F24: 45321 | G24: lone crude, CCR (11), Rose unit | J24: =C24*(E24-F24)/31 -> 0 | X24: =IF(COUNTA(Y24:EI24)=0,"Missing","OK") -> OK | AL24: 17.6
A25: Delek Big Spring | B25: 3 | C25: =73*0.26/3+25*0.6/3+22*0.85/3+0.44 -> 18 | D25: =C25/VLOOKUP(B25,'[2]Gas Prod per PADD'!$A$1:$C$6,2,FALSE) -> 0.0039130435 | E25: 45306 | F25: 45321 | G25: Reduced rate at the 73kbd Ref | H25: Freeze. | J25: =C25*(E25-F25)/31 -> -8.7096774 | X25: =IF(COUNTA(Y25:EI25)=0,"Missing","OK") -> OK | AJ25: =(E25-F25)/7*C25 -> -38.571429 | AM25: =-AJ25 -> 38.571429
A26: Denver | B26: 4 | D26: =C26/VLOOKUP(B26,'[2]Gas Prod per PADD'!$A$1:$C$6,2,FALSE) -> 0 | E26: 45307 | F26: 45321 | G26: CDU 1 (32) | J26: =C26*(E26-F26)/31 -> 0 | X26: =IF(COUNTA(Y26:EI26)=0,"Missing","OK") -> OK | AL26: 7.1314286
A27: Benicia | B27: 5 | D27: =C27/VLOOKUP(B27,'[2]Gas Prod per PADD'!$A$1:$C$6,2,FALSE) -> 0 | E27: 45319 | F27: 45323 | G27: CR (40) | J27: =C27*(E27-$J$1)/31 -> 0 | K27: =C27*($J$1+1-F27)/28 -> 0 | X27: =IF(COUNTA(Y27:EI27)=0,"Missing","OK") -> OK | AL27: -24.285714 | AM27: 24.285714 | EG27: 46017 | EH27: 46024 | EI27: 46031
A28: Salt Lake City | B28: 4 | D28: =C28/VLOOKUP(B28,'[2]Gas Prod per PADD'!$A$1:$C$6,2,FALSE) -> 0 | E28: 45321 | F28: 45323 | G28: CDU (57.6), VDU (27.5) | J28: =C28*(E28-$J$1)/31 -> 0 | K28: =C28*($J$1+1-F28)/28 -> 0 | X28: =IF(COUNTA(Y28:EI28)=0,"Missing","OK") -> OK | AL28: -6.1714286 | AM28: 6.1714286
A29: Denver | B29: 4 | D29: =C29/VLOOKUP(B29,'[2]Gas Prod per PADD'!$A$1:$C$6,2,FALSE) -> 0 | E29: 45307 | F29: 45327 | G29: CDU 1 (32) | J29: =C29*(E29-$J$1)/31 -> 0 | K29: =C29*($J$1+1-F29)/28 -> 0 | X29: =IF(COUNTA(Y29:EI29)=0,"Missing","OK") -> OK | AM29: 4.7542857 | AN29: 3.5657143
A30: Chevron Pascagoula | B30: 3 | C30: =55*0.85-1.75 -> 45 | D30: =C30/VLOOKUP(B30,'[2]Gas Prod per PADD'!$A$1:$C$6,2,FALSE) -> 0.0097826087 | E30: 45326 | F30: 45331 | G30: Reformer (55) | H30: Up per genscape - Unplanned outage. | K30: =C30*(E30-F30)/29 -> -7.7586207 | X30: =IF(COUNTA(Y30:EI30)=0,"Missing","OK") -> OK | AM30: =-6/7*C30 -> -38.571429 | AN30: =-AM30/2 -> 19.285714 | AO30: =-AM30-AN30 -> 19.285714
A31: Corpus Christi (West) | B31: 3 | D31: =C31/VLOOKUP(B31,'[2]Gas Prod per PADD'!$A$1:$C$6,2,FALSE) -> 0 | E31: 45330 | F31: 45331 | G31: CDU (75), VDU (23) | K31: =C31*(E31-F31)/28 -> 0 | X31: =IF(COUNTA(Y31:EI31)=0,"Missing","OK") -> OK | AM31: -2.1428571 | AN31: 2.1428571
A32: Suncor Commerce City | B32: 4 | C32: =34*0.2+0.2 -> 7 | D32: =C32/VLOOKUP(B32,'[2]Gas Prod per PADD'!$A$1:$C$6,2,FALSE) -> 0.020588235 | E32: 45307 | F32: 45336 | G32: SD CDU | H32: Freeze. Up | J32: =C32*(E32-$J$1)/31 -> -3.3870968 | K32: =C32*($J$1+1-F32)/29 -> -3.137931 | X32: =IF(COUNTA(Y32:EI32)=0,"Missing","OK") -> OK | AJ32: =(E32-F32)/7*C32 -> -29 | AK32: =-C32-AJ32 -> 22 | AO32: =C32 -> 7
A33: PBF Paulsboro | B33: 1 | D33: =C33/VLOOKUP(B33,'[2]Gas Prod per PADD'!$A$1:$C$6,2,FALSE) -> 0 | E33: 45328 | F33: 45336 | G33: CR (32) | K33: =C33*(E33-F33)/28 -> 0 | X33: =IF(COUNTA(Y33:EI33)=0,"Missing","OK") -> OK | AM33: -11.657143 | AN33: -3.8857143 | AO33: 15.542857
A34: Lake Charles | B34: 3 | D34: =C34/VLOOKUP(B34,'[2]Gas Prod per PADD'!$A$1:$C$6,2,FALSE) -> 0 | E34: 45299 | F34: 45339 | G34: CR (53.2) | J34: =C34*(E34-$J$1)/31 -> 0 | K34: =C34*($J$1+1-F34)/28 -> 0 | X34: =IF(COUNTA(Y34:EI34)=0,"Missing","OK") -> Missing
A35: Total Port Arthur | B35: 3 | C35: =245*0.1+40*0.85+80*0.65+60*0.1+0.5 -> 117 | D35: =C35/VLOOKUP(B35,'[2]Gas Prod per PADD'!$A$1:$C$6,2,FALSE) -> 0.025434783 | E35: 45307 | F35: 45339 | G35: CDU/Coker/FCC/Reformer (all) | H35: Up 7/17 & FCC up 2/15. Unplanned Freeze. | J35: =C35*(E35-$J$1)/31 -> -56.612903 | K35: =C35*($J$1+1-F35)/29 -> -64.551724 | X35: =IF(COUNTA(Y35:EI35)=0,"Missing","OK") -> OK | AJ35: =(E35-F35)/7*C35 -> -534.85714 | AK35: =-C35-AJ35 -> 417.85714 | AN35: =80*0.65*2/3*1/7 -> 4.952381 | AO35: =$C$326/2*2/3 -> 18.608333 | AP35: =$C$326-AN35-AO35-30 -> 2.2642857 | AQ35: =C35-AN35-AO35-AP35 -> 91.175
A36: PBF Chalmette | B36: 3 | C36: =105*0.75*0.22 -> 17.325 | D36: =C36/VLOOKUP(B36,'[2]Gas Prod per PADD'!$A$1:$C$6,2,FALSE) -> 0.0037663043 | E36: 45306 | F36: 45340 | G36: VDU | H36: Up. Delayed SU vs 2/4 | J36: =C36*(E36-$J$1)/31 -> -8.9419355 | K36: =C36*($J$1+1-F36)/29 -> -10.156034 | X36: =IF(COUNTA(Y36:EI36)=0,"Missing","OK") -> OK | AJ36: =(E36-AJ28)/7*C36 -> 112132.35 | AK36: =-C36-AJ36 -> -112149.68 | AO36: =(AO28-$F36)/7*$C36 -> -112216.5 | AP36: =$C36-AO36 -> 112233.82
A37: XOM Baton Rouge | B37: 3 | C37: =60*0.85-1 -> 50 | D37: =C37/VLOOKUP(B37,'[2]Gas Prod per PADD'!$A$1:$C$6,2,FALSE) -> 0.010869565 | E37: 45333 | F37: 45342 | G37: Reformer | H37: Up 2/18. Planned SD added to reapair leak. | K37: =C37*(E37-F37)/29 -> -15.517241 | X37: =IF(COUNTA(Y37:EI37)=0,"Missing","OK") -> Missing
A38: Billings | B38: 4 | D38: =C38/VLOOKUP(B38,'[2]Gas Prod per PADD'!$A$1:$C$6,2,FALSE) -> 0 | E38: 45331 | F38: 45344 | G38: Coker (16), Crude (35) | K38: =C38*(E38-F38)/28 -> 0 | X38: =IF(COUNTA(Y38:EI38)=0,"Missing","OK") -> OK | AN38: -15.3 | AP38: 7 | AS38: 4.1 | AT38: 4.2
A39: Richmond | B39: 5 | D39: =C39/VLOOKUP(B39,'[2]Gas Prod per PADD'!$A$1:$C$6,2,FALSE) -> 0 | E39: 45339 | F39: 45345 | G39: FCCU (80) | K39: =C39*(E39-F39)/28 -> 0 | X39: =IF(COUNTA(Y39:EI39)=0,"Missing","OK") -> OK | AO39: -13 | AP39: -13 | AQ39: 13 | AR39: 13 | EG39: 46017 | EH39: 46024 | EI39: 46031
A40: XOM Baton Rouge | B40: 3 | C40: 70 | D40: =C40/VLOOKUP(B40,'[2]Gas Prod per PADD'!$A$1:$C$6,2,FALSE) -> 0.015217391 | E40: 45313 | F40: 45346 | G40: FCC/HDC | H40: HDC up 2/24 and FCC up 2/29 | J40: =C40*(E40-$J$1)/31 -> -20.322581 | K40: =C40*($J$1+1-F40)/29 -> -55.517241 | X40: =IF(COUNTA(Y40:EI40)=0,"Missing","OK") -> OK | AK40: =(E40-#REF!)/7*70 -> #REF! | AL40: =-70-AK40 -> #REF! | AP40: =27*0.05 -> 1.35 | AQ40: =C40/2 -> 35 | AR40: =C40-AP40-AQ40 -> 33.65
A41: Marathon Garyville | B41: 3 | C41: =220*0.26+35*0.1+114*0.05-1.4 -> 65 | D41: =C41/VLOOKUP(B41,'[2]Gas Prod per PADD'!$A$1:$C$6,2,FALSE) -> 0.014130435 | E41: 45310 | F41: 45347 | G41: CDU/Coker/HDC | H41: Up on 2/25 vs 3/1 | J41: =C41*(E41-$J$1)/31 -> -25.16129 | K41: =C41*($J$1+1-F41)/29 -> -53.793103 | X41: =IF(COUNTA(Y41:EI41)=0,"Missing","OK") -> OK | AK41: =-C41-AJ384 -> -65 | AP41: =(AP27-F41)/7*C41/2 -> -210539.64 | AQ41: =AP41 -> -210539.64 | AR41: =C41-AP41-AQ41-AO41 -> 421144.29
A42: Marathon Carson | B42: 5 | C42: =200*0.1+43*0.05+20*0.85+104*0.65-1.75 -> 105 | D42: =C42/VLOOKUP(B42,'[2]Gas Prod per PADD'!$A$1:$C$6,2,FALSE) -> 0.077777778 | E42: 45303 | F42: 45348 | G42: CDU/HDC/Reformer/FCC | H42: Up per genscape | J42: =C42*(E42-$J$1)/31 -> -64.354839 | K42: =C42*($J$1+1-F42)/29 -> -90.517241 | X42: =IF(COUNTA(Y42:EI42)=0,"Missing","OK") -> OK | AJ42: =-C42/2 -> -52.5 | AK42: =(-C42-AJ42) -> -52.5 | AP42: =$C42/3 -> 35 | AQ42: =($C42/3)+13 -> 48 | AR42: =$C42-AP42-AQ42 -> 22 | EG42: 46017 | EH42: 46024 | EI42: 46031
A43: P66 Sweeny | B43: 3 | D43: =C43/VLOOKUP(B43,'[2]Gas Prod per PADD'!$A$1:$C$6,2,FALSE) -> 0 | E43: 45331 | F43: 45348 | G43: Heavy Oil Cracker 27.1 (78) | K43: =C43*(E43-F43)/28 -> 0 | X43: =IF(COUNTA(Y43:EI43)=0,"Missing","OK") -> OK | AN43: -3.9 | AP43: 2.2285714 | AQ43: 1.6714286
A44: PBF Torrance | B44: 5 | D44: =C44/VLOOKUP(B44,'[2]Gas Prod per PADD'!$A$1:$C$6,2,FALSE) -> 0 | E44: 45332 | F44: 45348 | G44: CDU (155), FCC (100), HF Alky (25.5)FCCU (105), HCC (24), Vac (98) | K44: =C44*(E44-F44)/28 -> 0 | X44: =IF(COUNTA(Y44:EI44)=0,"Missing","OK") -> OK | EG44: 46017 | EH44: 46024 | EI44: 46031
A45: Carson | B45: 5 | D45: =C45/VLOOKUP(B45,'[2]Gas Prod per PADD'!$A$1:$C$6,2,FALSE) -> 0 | E45: 45307 | F45: 45349 | G45: HCC (55) | J45: =C45*(E45-$J$1)/31 -> 0 | K45: =C45*($J$1+1-F45)/28 -> 0 | X45: =IF(COUNTA(Y45:EI45)=0,"Missing","OK") -> OK | AP45: 1.1785714 | AQ45: 1.5714286 | EG45: 46017 | EH45: 46024 | EI45: 46031
A46: XOM Baytown | B46: 3 | C46: =65*0.85 -> 55.25 | D46: =C46/VLOOKUP(B46,'[2]Gas Prod per PADD'!$A$1:$C$6,2,FALSE) -> 0.01201087 | E46: 45308 | F46: 45349 | G46: Reformer | H46: Up | J46: =C46*(E46-$J$1)/31 -> -24.951613 | K46: =C46*($J$1+1-F46)/29 -> -49.534483 | X46: =IF(COUNTA(Y46:EI46)=0,"Missing","OK") -> OK | AJ46: =(E46-AJ18)/7*C46 -> 357687.37 | AK46: =-C46-AJ46 -> -357742.62 | AP46: =(AP18-F46)/7*C46*2/3 -> -238622.12 | AQ46: =C46-AP46-10 -> 238667.37 | AR46: =C46-AP46-AQ46 -> 10
A47: Houston Refinery | B47: 3 | C47: =57*0.3 -> 17.1 | D47: =C47/VLOOKUP(B47,'[2]Gas Prod per PADD'!$A$1:$C$6,2,FALSE) -> 0.0037173913 | E47: 45324 | F47: 45350 | G47: Coker | H47: Up 2/28 vs 3/1 | K47: =C47*(E47-F47)/28 -> -15.878571 | X47: =IF(COUNTA(Y47:EI47)=0,"Missing","OK") -> OK | AM47: =(-7/7)*0.3*57 -> -17.1 | AP47: =C47*1/7 -> 2.4428571 | AQ47: =C47-AP47-5 -> 9.6571429 | AR47: =C47-AP47-AQ47 -> 5
A48: Houston | B48: 3 | D48: =C48/VLOOKUP(B48,'[2]Gas Prod per PADD'!$A$1:$C$6,2,FALSE) -> 0 | E48: 45325 | F48: 45350 | G48: Heavy crude (147), DC (42) | K48: =C48*(E48-F48)/28 -> 0 | X48: =IF(COUNTA(Y48:EI48)=0,"Missing","OK") -> Missing
A49: P66 Sweeny | B49: 3 | C49: =78*0.65-0.7 -> 50 | D49: =C49/VLOOKUP(B49,'[2]Gas Prod per PADD'!$A$1:$C$6,2,FALSE) -> 0.010869565 | E49: 45331 | F49: 45350 | G49: FCC | H49: Up. Unplanned SD | K49: =C49*(E49-F49)/29 -> -32.758621 | X49: =IF(COUNTA(Y49:EI49)=0,"Missing","OK") -> OK | AN49: =-C49/2 -> -25 | AO49: =AN49 -> -25 | AP49: =2/7*C49*2/3 -> 9.5238095 | AQ49: =-AN49 -> 25 | AR49: =C49-AP49-AQ49 -> 15.47619
A50: Valero Ardmore | B50: 2 | D50: =C50/VLOOKUP(B50,'[2]Gas Prod per PADD'!$A$1:$C$6,2,FALSE) -> 0 | E50: 45348 | F50: 45350 | G50: Gas oil HT (32), HCC (12) | K50: =C50*(E50-F50)/28 -> 0 | X50: =IF(COUNTA(Y50:EI50)=0,"Missing","OK") -> Missing
A51: Motiva Port Arthur | B51: 3 | C51: =335*0.26+110*0.2-9.1 -> 100 | D51: =C51/VLOOKUP(B51,'[2]Gas Prod per PADD'!$A$1:$C$6,2,FALSE) -> 0.02173913 | E51: 45299 | F51: 45351 | G51: CDU/coker/HDS | H51: CDU up on 2/16 Coker Up on 2/29 | J51: =C51*(E51-$J$1)/31 -> -74.193548 | K51: =C51*($J$1+1-F51)/29 -> -96.551724 | X51: =IF(COUNTA(Y51:EI51)=0,"Missing","OK") -> OK | AI51: =(E51-#REF!)/7*100 -> #REF! | AJ51: =-100-AI51 -> #REF! | AO51: =335*0.26/2 -> 43.55 | AP51: =(#REF!-$F51)/7*$C51 -> #REF! | AQ51: =C51-AP51-45 -> #REF! | AR51: =C51-AP51-AQ51-AO51 -> #REF!
A52: XOM Baton Rouge | B52: 3 | D52: =C52/VLOOKUP(B52,'[2]Gas Prod per PADD'!$A$1:$C$6,2,FALSE) -> 0 | E52: 45315 | F52: 45352 | G52: PCLA 2 FCCU (110) | J52: =C52*(E52-$J$1)/31 -> 0 | L52: =C52*($K$1+1-F52)/31 -> 0 | X52: =IF(COUNTA(Y52:EI52)=0,"Missing","OK") -> Missing
A53: HF Tulsa East | B53: 2 | C53: =76*0.1+16*0.65+10*0.85+8*0.1 -> 27.3 | D53: =C53/VLOOKUP(B53,'[2]Gas Prod per PADD'!$A$1:$C$6,2,FALSE) -> 0.011375 | E53: 45333 | F53: 45352 | G53: CDU,FCC, alky, Reformer & coker from West | H53: Up | K53: =C53*(E53-$K$1)/29 -> -16.944828 | L53: =C53*($K$1+1-F53)/31 -> 0 | X53: =IF(COUNTA(Y53:EI53)=0,"Missing","OK") -> OK | AN53: =($E53-$AN2)/7*$C53 -> 176798.7 | AO53: =(-2/7)*C53 -> -7.8 | AQ53: =(5/7)*C53 -> 19.5 | AR53: =(2/7)*C53 -> 7.8
A54: XOM Joliet | B54: 2 | C54: =90*0.65+1.5 -> 60 | D54: =C54/VLOOKUP(B54,'[2]Gas Prod per PADD'!$A$1:$C$6,2,FALSE) -> 0.025 | E54: 45347 | F54: 45352 | G54: FCC/alky | H54: Unplanned SD. SU 3/1 | K54: =C54*(E54-$K$1)/29 -> -8.2758621 | L54: =C54*($K$1+1-F54)/31 -> 0 | X54: =IF(COUNTA(Y54:EI54)=0,"Missing","OK") -> OK | AP54: =(E54-#REF!)/7*C54/2 -> #REF! | AR54: 21
A55: Valero Ardmore | B55: 2 | D55: =C55/VLOOKUP(B55,'[2]Gas Prod per PADD'!$A$1:$C$6,2,FALSE) -> 0 | E55: 45348 | F55: 45353 | G55: HC (14), ULSD HT (32) | K55: =C55*(E55-$K$1)/29 -> 0 | L55: =C55*($K$1+1-F55)/31 -> 0 | X55: =IF(COUNTA(Y55:EI55)=0,"Missing","OK") -> Missing
A56: Tulsa West | B56: 2 | D56: =C56/VLOOKUP(B56,'[2]Gas Prod per PADD'!$A$1:$C$6,2,FALSE) -> 0 | E56: 45349 | F56: 45353 | G56: CDU (91), VDU | K56: =C56*(E56-$K$1)/29 -> 0 | L56: =C56*($K$1+1-F56)/31 -> 0 | X56: =IF(COUNTA(Y56:EI56)=0,"Missing","OK") -> Missing
A57: BP Whiting | B57: 2 | D57: =C57/VLOOKUP(B57,'[2]Gas Prod per PADD'!$A$1:$C$6,2,FALSE) -> 0 | E57: 45323 | F57: 45354 | G57: CR (70) | K57: =C57*(E57-$K$1)/29 -> 0 | L57: =C57*($K$1+1-F57)/31 -> 0 | X57: =IF(COUNTA(Y57:EI57)=0,"Missing","OK") -> Missing
A58: P66 Ponca City | B58: 2 | C58: 14 | D58: =C58/VLOOKUP(B58,'[2]Gas Prod per PADD'!$A$1:$C$6,2,FALSE) -> 0.0058333333 | E58: 45327 | F58: 45354 | G58: Reformer | H58: Up | I58: updated Sd from 2/1 to 2/5 | K58: =C58*(E58-$K$1)/29 -> -11.586207 | L58: =C58*($K$1+1-F58)/31 -> -0.90322581 | X58: =IF(COUNTA(Y58:EI58)=0,"Missing","OK") -> OK | AM58: =(-27*0.85) -> -22.95 | AQ58: =(5/8)*AM58*-1 -> 14.34375 | AR58: =(AM58+AQ58)*-1 -> 8.60625
A59: Tulsa (East) | B59: 2 | D59: =C59/VLOOKUP(B59,'[2]Gas Prod per PADD'!$A$1:$C$6,2,FALSE) -> 0 | E59: 45333 | F59: 45354 | G59: CDU (75.5), Naphtha HT (15.5) | K59: =C59*(E59-$K$1)/29 -> 0 | L59: =C59*($K$1+1-F59)/31 -> 0 | X59: =IF(COUNTA(Y59:EI59)=0,"Missing","OK") -> Missing
A60: P66 Borger | B60: 3 | C60: =30*0.65+0.5 -> 20 | D60: =C60/VLOOKUP(B60,'[2]Gas Prod per PADD'!$A$1:$C$6,2,FALSE) -> 0.0043478261 | E60: 45198 | F60: 45355 | G60: FCC 29 | H60: Up | I60: =30*0.6+30*0.6+7*0.8 -> 41.6 | L60: =C60*($K$1+1-F60)/31 -> -1.9354839 | X60: =IF(COUNTA(Y60:EI60)=0,"Missing","OK") -> OK | AQ60: =(4/7)*22 -> 12.571429 | AR60: =C60-AQ60 -> 7.4285714
A61: Citgo Lake Charles | B61: 3 | C61: =18*0.85-0.3+5 -> 20 | D61: =C61/VLOOKUP(B61,'[2]Gas Prod per PADD'!$A$1:$C$6,2,FALSE) -> 0.0043478261 | E61: 45310 | F61: 45355 | G61: Reformer A then B | H61: Up. Genscape reported SU 2/18. delayaed from 2/24 Sd | J61: =C61*(E61-$J$1)/31 -> -7.7419355 | L61: =C61*($K$1+1-F61)/31 -> -1.9354839 | X61: =IF(COUNTA(Y61:EI61)=0,"Missing","OK") -> OK | AK61: =-$C61 -> -20 | AQ61: =(AQ29-$F61)/7*$C61 -> -129585.71 | AR61: =$C61-AQ61 -> 129605.71
A62: BP Whiting | B62: 2 | D62: =C62/VLOOKUP(B62,'[2]Gas Prod per PADD'!$A$1:$C$6,2,FALSE) -> 0 | E62: 45323 | F62: 45355 | G62: cat feed HT (100) | K62: =C62*(E62-$K$1)/29 -> 0 | L62: =C62*($K$1+1-F62)/31 -> 0 | X62: =IF(COUNTA(Y62:EI62)=0,"Missing","OK") -> Missing
A63: Valero McKee | B63: 3 | D63: =C63/VLOOKUP(B63,'[2]Gas Prod per PADD'!$A$1:$C$6,2,FALSE) -> 0 | E63: 45352 | F63: 45355 | G63: CR (28.9), HC (29.5) | L63: =C63*(E63-F63)/31 -> 0 | X63: =IF(COUNTA(Y63:EI63)=0,"Missing","OK") -> OK | AQ63: -10.527857 | AR63: 10.527857
A64: BP Whiting | B64: 2 | C64: =(440*0.1)+(195*0.65)+(70*0.85)+(102*0.1) -> 240.45 | D64: =C64/VLOOKUP(B64,'[2]Gas Prod per PADD'!$A$1:$C$6,2,FALSE) -> 0.1001875 | E64: 45323 | F64: 45356 | G64: Refinery Wide Outage | H64: Up | K64: =C64*(E64-$K$1)/29 -> -232.15862 | L64: =C64*($K$1+1-F64)/31 -> -31.025806 | X64: =IF(COUNTA(Y64:EI64)=0,"Missing","OK") -> OK | AL64: =(1.5/7)*$C64*-1 -> -51.525 | AM64: =(5.5/7)*$C64*-1 -> -188.925 | AQ64: =(#REF!-F64)/7*C64*1/3 -> #REF! | AR64: =(C64-AQ64)*1/3 -> #REF! | AS64: =C64-AQ64-AR64-50 -> #REF! | AT64: =C64-SUM(AQ64:AS64) -> #REF!
A65: PBF Martinez | B65: 5 | D65: =C65/VLOOKUP(B65,'[2]Gas Prod per PADD'!$A$1:$C$6,2,FALSE) -> 0 | E65: 45334 | F65: 45357 | G65: Flexicoker (22.5) | K65: =C65*(E65-$K$1)/29 -> 0 | L65: =C65*($K$1+1-F65)/31 -> 0 | X65: =IF(COUNTA(Y65:EI65)=0,"Missing","OK") -> OK | AQ65: 3.375 | AR65: 3.375 | EG65: 46017 | EH65: 46024 | EI65: 46031
A66: Marathon Galv Bay | B66: 3 | C66: =77.5*0.85+65.5*0.85-1.55 -> 120 | D66: =C66/VLOOKUP(B66,'[2]Gas Prod per PADD'!$A$1:$C$6,2,FALSE) -> 0.026086957 | E66: 45349 | F66: 45357 | G66: Ref 3/Ref 4 | H66: Up | K66: =C66*(E66-$K$1)/29 -> -8.2758621 | L66: =C66*($K$1+1-F66)/31 -> -19.354839 | X66: =IF(COUNTA(Y66:EI66)=0,"Missing","OK") -> OK | AP66: =(E66-#REF!)/7*C66+10 -> #REF! | AQ66: =-120-AP66 -> #REF! | AR66: =65*0.85 -> 55.25 | AS66: =C66-AR66-30 -> 34.75 | AT66: =C66-AR66-AS66 -> 30
A67: P66 Sweeny | B67: 3 | C67: =35*0.85+0.25 -> 30 | D67: =C67/VLOOKUP(B67,'[2]Gas Prod per PADD'!$A$1:$C$6,2,FALSE) -> 0.0065217391 | E67: 45317 | F67: 45358 | G67: Reformer | H67: Came up on Mar 7 | J67: =C67*(E67-$J$1)/31 -> -4.8387097 | L67: =C67*($K$1+1-F67)/31 -> -5.8064516 | X67: =IF(COUNTA(Y67:EI67)=0,"Missing","OK") -> OK | AS67: =-30*2/3 -> -20 | AT67: =-C67-AS67 -> -10
A68: P66 Bayway | B68: 1 | C68: =131*0.45*0.65-3.3 -> 35.0175 | D68: =C68/VLOOKUP(B68,'[2]Gas Prod per PADD'!$A$1:$C$6,2,FALSE) -> 0.072953125 | E68: 45306 | F68: 45359 | G68: VDU down/FCC cut 35-45% | J68: =C68*(E68-$J$1)/31 -> -18.073548 | L68: =C68*($K$1+1-F68)/31 -> -7.9071774 | X68: =IF(COUNTA(Y68:EI68)=0,"Missing","OK") -> OK | AR68: =C68/2 -> 17.50875
A69: North Salt Lake | B69: 4 | D69: =C69/VLOOKUP(B69,'[2]Gas Prod per PADD'!$A$1:$C$6,2,FALSE) -> 0 | E69: 45330 | F69: 45359 | G69: CCR Reformer (10), CDU (31), HF Alky (2.8), MSCC (11.5) | K69: =C69*(E69-$K$1)/29 -> 0 | L69: =C69*($K$1+1-F69)/31 -> 0 | X69: =IF(COUNTA(Y69:EI69)=0,"Missing","OK") -> Missing
A70: Big West North Salt Lake | B70: 4 | C70: =10*0.85+31*0.1+11.5*0.65+0.925 -> 20 | D70: =C70/VLOOKUP(B70,'[2]Gas Prod per PADD'!$A$1:$C$6,2,FALSE) -> 0.058823529 | E70: 45330 | F70: 45359 | G70: CDU/Ref/FCC/alky | H70: Down. | K70: =C70*(E70-$K$1)/29 -> -14.482759 | L70: =C70*($K$1+1-F70)/31 -> -4.516129 | X70: =IF(COUNTA(Y70:EI70)=0,"Missing","OK") -> OK | AN70: =-C70/2 -> -10 | AO70: =AN70 -> -10 | AR70: =C70*2/3 -> 13.333333 | AS70: =C70-AR70 -> 6.6666667
A71: P66 Borger | B71: 3 | C71: 17 | D71: =C71/VLOOKUP(B71,'[2]Gas Prod per PADD'!$A$1:$C$6,2,FALSE) -> 0.0036956522 | E71: 45347 | F71: 45359 | G71: FCCU 29 (30) | K71: =C71*(E71-$K$1)/29 -> -2.3448276 | L71: =C71*($K$1+1-F71)/31 -> -3.8387097 | X71: =IF(COUNTA(Y71:EI71)=0,"Missing","OK") -> Missing
A72: Whiting | B72: 2 | D72: =C72/VLOOKUP(B72,'[2]Gas Prod per PADD'!$A$1:$C$6,2,FALSE) -> 0 | E72: 45323 | F72: 45360 | G72: CDU 12 (250), Pipestill 11A (90), Pipestill 11C | K72: =C72*(E72-$K$1)/29 -> 0 | L72: =C72*($K$1+1-F72)/31 -> 0 | X72: =IF(COUNTA(Y72:EI72)=0,"Missing","OK") -> Missing
A73: Valero St Charles | B73: 3 | C73: =200*0.26+80*0.15+1+60*0.05 -> 68 | D73: =C73/VLOOKUP(B73,'[2]Gas Prod per PADD'!$A$1:$C$6,2,FALSE) -> 0.014782609 | E73: 45315 | F73: 45361 | G73: CDU/Coker/HDC | H73: Up now . Delayed Su vs early Feb | J73: =C73*(E73-$J$1)/31 -> -15.354839 | L73: =C73*($K$1+1-F73)/31 -> -19.741935 | X73: =IF(COUNTA(Y73:EI73)=0,"Missing","OK") -> OK | AK73: =(E73-F73)/7*C73 -> -446.85714 | AL73: =(-C73-AK73)/2 -> 189.42857 | AM73: =-C73-AK73-AL73 -> 189.42857 | AR73: =(AR$1-$F73)/7*$C73/2 -> 24.285714 | AS73: =$C73-AR73-20 -> 23.714286 | AT73: =C73-AR73-AS73 -> 20
A74: Valero Corpus Christi | B74: 3 | C74: =40*0.2+49*0.05 -> 10.45 | D74: =C74/VLOOKUP(B74,'[2]Gas Prod per PADD'!$A$1:$C$6,2,FALSE) -> 0.0022717391 | E74: 45305 | F74: 45363 | G74: CDU (40)/HDC | H74: Up | J74: =C74*(E74-$J$1)/31 -> -5.7306452 | L74: =C74*($K$1+1-F74)/31 -> -3.7080645 | X74: =IF(COUNTA(Y74:EI74)=0,"Missing","OK") -> OK | AJ74: =(E74-#REF!)/7*C74 -> #REF! | AK74: =-C74-AJ74 -> #REF! | AR74: =(AR$1-$F74)/7*$C74 -> 4.4785714 | AS74: =$C74-AR74 -> 5.9714286
A75: Marathon El Paso | B75: 3 | C75: =29*0.65+5+72*0.1-1 -> 30.05 | D75: =C75/VLOOKUP(B75,'[2]Gas Prod per PADD'!$A$1:$C$6,2,FALSE) -> 0.0065326087 | E75: 45334 | F75: 45363 | G75: CDU/FCC/alky | H75: Up now | K75: =C75*(E75-$K$1)/29 -> -17.615517 | L75: =C75*($K$1+1-F75)/31 -> -10.662903 | X75: =IF(COUNTA(Y75:EI75)=0,"Missing","OK") -> OK | AN75: =($E75-AN7)/7*$C75 -> 194612.39 | AO75: =-$C75-AN75 -> -194642.44 | AR75: =(AR$1-$F75)/7*$C75 -> 12.878571 | AS75: =$C75-AR75 -> 17.171429
A76: FH Corpus West | B76: 3 | C76: =45*0.65+0.75 -> 30 | D76: =C76/VLOOKUP(B76,'[2]Gas Prod per PADD'!$A$1:$C$6,2,FALSE) -> 0.0065217391 | E76: 45350 | F76: 45363 | G76: FCC | H76: Up | K76: =C76*(E76-$K$1)/29 -> -1.0344828 | L76: =C76*($K$1+1-F76)/31 -> -10.645161 | X76: =IF(COUNTA(Y76:EI76)=0,"Missing","OK") -> OK | AP76: =-3/7*C76 -> -12.857143 | AQ76: =-C76-AP76 -> -17.142857 | AR76: =-AP76*2/3 -> 8.5714286 | AS76: =C76-AR76 -> 21.428571
A77: Placid Port Allen | B77: 3 | D77: =C77/VLOOKUP(B77,'[2]Gas Prod per PADD'!$A$1:$C$6,2,FALSE) -> 0 | E77: 45356 | F77: 45363 | L77: =C77*(E77-F77)/31 -> 0 | X77: =IF(COUNTA(Y77:EI77)=0,"Missing","OK") -> Missing
A78: Cenovus Lima | B78: 2 | D78: =C78/VLOOKUP(B78,'[2]Gas Prod per PADD'!$A$1:$C$6,2,FALSE) -> 0 | E78: 45357 | F78: 45364 | G78: Coker (31) | H78: TBD on return…assuming one week outage | L78: =C78*(E78-F78)/31 -> 0 | X78: =IF(COUNTA(Y78:EI78)=0,"Missing","OK") -> OK | AQ78: -2.6828571 | AR78: -4.0242857 | AS78: 6.7071429
A79: Warren | B79: 1 | D79: =C79/VLOOKUP(B79,'[2]Gas Prod per PADD'!$A$1:$C$6,2,FALSE) -> 0 | E79: 45356 | F79: 45365 | G79: FCC (25) | L79: =C79*(E79-F79)/31 -> 0 | X79: =IF(COUNTA(Y79:EI79)=0,"Missing","OK") -> OK | AQ79: -6.9642857 | AR79: 6.9642857
A80: Marathon Garyville | B80: 3 | C80: 35 | D80: =C80/VLOOKUP(B80,'[2]Gas Prod per PADD'!$A$1:$C$6,2,FALSE) -> 0.0076086957 | E80: 45359 | F80: 45366 | G80: Alkylation Unit (38 kbd) | H80: Genscape is only publication with this down | L80: =C80*(E80-F80)/31 -> -7.9032258 | X80: =IF(COUNTA(Y80:EI80)=0,"Missing","OK") -> OK | AR80: -35 | AS80: 35
A81: Valero Port Arthur | B81: 3 | C81: =100*0.1+50*0.85+210*0.1+1.5 -> 75 | D81: =C81/VLOOKUP(B81,'[2]Gas Prod per PADD'!$A$1:$C$6,2,FALSE) -> 0.016304348 | E81: 45306 | F81: 45367 | G81: CDU/Coker/Reformer/HDC | H81: Genscape has full site up | J81: =C81*(E81-$J$1)/31 -> -38.709677 | L81: =C81*($K$1+1-F81)/31 -> -36.290323 | X81: =IF(COUNTA(Y81:EI81)=0,"Missing","OK") -> OK | AJ81: =(E81-AJ73)/7*C81 -> 485421.43 | AK81: =-C81-AJ81 -> -485496.43 | AS81: 40 | AT81: 20 | AU81: 15
A82: Marathon Carson | B82: 5 | D82: =C82/VLOOKUP(B82,'[2]Gas Prod per PADD'!$A$1:$C$6,2,FALSE) -> 0 | E82: 45351 | F82: 45367 | G82: HCC (65) | H82: Assum Mar 16. | K82: =C82*(E82-$K$1)/29 -> 0 | L82: =C82*($K$1+1-F82)/31 -> 0 | X82: =IF(COUNTA(Y82:EI82)=0,"Missing","OK") -> OK | AS82: =0.35*65*0.5 -> 11.375 | AT82: =AS82 -> 11.375 | EG82: 46017 | EH82: 46024 | EI82: 46031
A83: Chevron Richmond | B83: 5 | C83: =0.85*28 -> 23.8 | D83: =C83/VLOOKUP(B83,'[2]Gas Prod per PADD'!$A$1:$C$6,2,FALSE) -> 0.01762963 | E83: 45309 | F83: 45368 | G83: CR (28) | J83: =C83*(E83-$J$1)/31 -> -9.9806452 | L83: =C83*($K$1+1-F83)/31 -> -12.283871 | X83: =IF(COUNTA(Y83:EI83)=0,"Missing","OK") -> OK | AS83: =(2/3)*C83 -> 15.866667 | AT83: =$C83-AS83 -> 7.9333333 | EG83: 46017 | EH83: 46024 | EI83: 46031
A84: FH Corpus East | B84: 3 | C84: =50*0.65+67*0.26 -> 49.92 | D84: =C84/VLOOKUP(B84,'[2]Gas Prod per PADD'!$A$1:$C$6,2,FALSE) -> 0.010852174 | E84: 45303 | F84: 45370 | G84: CDU, FCC | H84: Up | I84: =F84-E84 -> 67 | J84: =C84*(E84-$J$1)/31 -> -30.596129 | L84: =C84*($K$1+1-F84)/31 -> -28.985806 | X84: =IF(COUNTA(Y84:EI84)=0,"Missing","OK") -> OK | AJ84: =(E84-AJ$1)*C84/7 -> -49.92 | AK84: =-C84-AJ84 -> 0 | AS84: =(AS73-$F84)/7*$C84 -> -323383.8 | AT84: =$C84-AS84-15 -> 323418.72 | AU84: =$C84-AT84-AS84 -> 15
A85: Marathon Texas City | B85: 3 | C85: =67*0.1+58.5*0.5+13+11*0.85+2 -> 60.3 | D85: =C85/VLOOKUP(B85,'[2]Gas Prod per PADD'!$A$1:$C$6,2,FALSE) -> 0.013108696 | E85: 45305 | F85: 45370 | G85: CDU/Reformer/FCC/alky | H85: Up | J85: =C85*(E85-$J$1)/31 -> -33.067742 | L85: =C85*($K$1+1-F85)/31 -> -35.012903 | X85: =IF(COUNTA(Y85:EI85)=0,"Missing","OK") -> OK | AJ85: =(E85-#REF!)/7*C85 -> #REF! | AK85: =-C85-AJ85 -> #REF! | AS85: =$C85/2*(1/2) -> 15.075 | AT85: =$C85-AS85-30 -> 15.225 | AU85: =C85-AS85-AT85 -> 30
A86: Valero Texas City | B86: 3 | C86: =85*0.56+12-4.6 -> 55 | D86: =C86/VLOOKUP(B86,'[2]Gas Prod per PADD'!$A$1:$C$6,2,FALSE) -> 0.011956522 | E86: 45316 | F86: 45370 | G86: FCC/Alky | H86: Up | J86: =C86*(E86-$J$1)/31 -> -10.645161 | L86: =C86*($K$1+1-F86)/31 -> -31.935484 | X86: =IF(COUNTA(Y86:EI86)=0,"Missing","OK") -> OK | AK86: =C86*(E86-AK77)/7 -> 356054.29 | AL86: =-C86-AK86 -> -356109.29 | AS86: 23.571429 | AT86: 21.428571 | AU86: 10
A87: Motiva Port Arthur | B87: 3 | D87: =C87/VLOOKUP(B87,'[2]Gas Prod per PADD'!$A$1:$C$6,2,FALSE) -> 0 | E87: 45357 | F87: 45370 | G87: VDU (210) | H87: IIR confirmed this is a two week outage | L87: =C87*(E87-F87)/31 -> 0 | X87: =IF(COUNTA(Y87:EI87)=0,"Missing","OK") -> OK | AQ87: =(-2/7)*210*0.25 -> -15 | AR87: =((-5/7)*210*0.25)+((2/7)*210*0.25) -> -22.5 | AS87: =-1*(SUM(AQ87:AR87)) -> 37.5
A88: XOM Beaumont | B88: 3 | C88: =65*0.85+10 -> 65.25 | D88: =C88/VLOOKUP(B88,'[2]Gas Prod per PADD'!$A$1:$C$6,2,FALSE) -> 0.014184783 | E88: 45341 | F88: 45371 | G88: Reformer/HDC | H88: Up | K88: =C88*(E88-$K$1)/29 -> -22.5 | L88: =C88*($K$1+1-F88)/31 -> -39.991935 | X88: =IF(COUNTA(Y88:EI88)=0,"Missing","OK") -> OK | AO88: =(E88-#REF!)/7*C88 -> #REF! | AQ88: =-C88-AO88 -> #REF! | AS88: 5 | AT88: 40 | AU88: 20
A89: Marathon Galv Bay | B89: 3 | C89: =70*0.2 -> 14 | D89: =C89/VLOOKUP(B89,'[2]Gas Prod per PADD'!$A$1:$C$6,2,FALSE) -> 0.0030434783 | E89: 45365 | F89: 45372 | G89: Hydrocracker (85 kbd) | H89: Assuming 1 week outage. Not confirmed yet | L89: =C89*(E89-F89)/31 -> -3.1612903 | X89: =IF(COUNTA(Y89:EI89)=0,"Missing","OK") -> OK | AR89: =(2/5)*-70*0.2 -> -5.6 | AS89: =AR89*-1 -> 5.6
A90: Woods Cross Refinery | B90: 4 | C90: =0.5*26 -> 13 | D90: =C90/VLOOKUP(B90,'[2]Gas Prod per PADD'!$A$1:$C$6,2,FALSE) -> 0.038235294 | E90: 45360 | F90: 45373 | G90: CDU (26) - HDC, FCC | H90: Down | L90: =C90*(E90-F90)/31 -> -5.4516129 | X90: =IF(COUNTA(Y90:EI90)=0,"Missing","OK") -> OK | AR90: =C90*(2/-3) -> -8.6666667 | AS90: =(-1/3)*C90 -> -4.3333333 | AT90: =AR90*-1 -> 8.6666667 | AU90: =AS90*-1 -> 4.3333333
A91: P66 Wood River | B91: 2 | C91: =67.5*0.25 -> 16.875 | D91: =C91/VLOOKUP(B91,'[2]Gas Prod per PADD'!$A$1:$C$6,2,FALSE) -> 0.00703125 | E91: 45350 | F91: 45374 | G91: CDU (67) | H91: Up | K91: =C91*(E91-$K$1)/29 -> -0.58189655 | L91: =C91*($K$1+1-F91)/31 -> -11.975806 | X91: =IF(COUNTA(Y91:EI91)=0,"Missing","OK") -> OK | AP91: =(E91-#REF!)/7*C91 -> #REF! | AQ91: =-C91-AP91 -> #REF! | AU91: =C91/2 -> 8.4375 | AV91: =AU91 -> 8.4375
A92: Mobile | B92: 3 | D92: =C92/VLOOKUP(B92,'[2]Gas Prod per PADD'!$A$1:$C$6,2,FALSE) -> 0 | E92: 45366 | F92: 45374 | G92: CDU 1 (40) | L92: =C92*(E92-F92)/31 -> 0 | X92: =IF(COUNTA(Y92:EI92)=0,"Missing","OK") -> OK | AS92: -4 | AT92: 4
A93: P66 Wood River | B93: 2 | C93: =67.5*0.25 -> 16.875 | D93: =C93/VLOOKUP(B93,'[2]Gas Prod per PADD'!$A$1:$C$6,2,FALSE) -> 0.00703125 | E93: 45448 | F93: 45374 | G93: CDU (67) | H93: Up | L93: =C93*($K$1+1-F93)/31 -> -11.975806 | X93: =IF(COUNTA(Y93:EI93)=0,"Missing","OK") -> Missing
A94: P66 Lake Charles | B94: 3 | C94: =0.3*65 -> 19.5 | D94: =C94/VLOOKUP(B94,'[2]Gas Prod per PADD'!$A$1:$C$6,2,FALSE) -> 0.0042391304 | E94: 45367 | F94: 45375 | G94: CDU (65), VDU (53.1) | H94: Up | L94: =C94*(E94-F94)/31 -> -5.0322581 | X94: =IF(COUNTA(Y94:EI94)=0,"Missing","OK") -> OK | AS94: =-0.6*C94 -> -11.7 | AU94: =(0.6*$C94) -> 11.7
A95: Mobile | B95: 3 | D95: =C95/VLOOKUP(B95,'[2]Gas Prod per PADD'!$A$1:$C$6,2,FALSE) -> 0 | E95: 45352 | F95: 45376 | G95: Ref 1 (13.5), HDS Ref (25) | L95: =C95*(E95-F95)/31 -> 0 | X95: =IF(COUNTA(Y95:EI95)=0,"Missing","OK") -> OK | AQ95: -5.7375 | AR95: -5.7375 | AV95: 5.7375 | AW95: 5.7375
A96: Total Port Arthur | B96: 3 | C96: =(0.5*80*0.6)+((245-180)*0.1)-0.5 -> 30 | D96: =C96/VLOOKUP(B96,'[2]Gas Prod per PADD'!$A$1:$C$6,2,FALSE) -> 0.0065217391 | E96: 45361 | F96: 45376 | G96: FCC (80), CDU (60) | H96: IIR confirmed coming up on 3/25 | L96: =C96*(E96-F96)/31 -> -14.516129 | X96: =IF(COUNTA(Y96:EI96)=0,"Missing","OK") -> OK | AR96: =(5/7)*C96*-1 -> -21.428571 | AS96: =(-2/7)*C96 -> -8.5714286 | AT96: =AR96*-0.5 -> 10.714286 | AU96: =C96-AT96 -> 19.285714
A97: Suncor Commerce City | B97: 4 | D97: =C97/VLOOKUP(B97,'[2]Gas Prod per PADD'!$A$1:$C$6,2,FALSE) -> 0 | E97: 45355 | F97: 45377 | G97: CDU (39), VDU (8.375) | L97: =C97*(E97-F97)/31 -> 0 | X97: =IF(COUNTA(Y97:EI97)=0,"Missing","OK") -> OK | AQ97: -6.6857143 | AT97: =AQ97/-2 -> 3.3428571 | AU97: =AT97 -> 3.3428571
A98: PBF Chalmette | B98: 3 | C98: =19*0.85 -> 16.15 | D98: =C98/VLOOKUP(B98,'[2]Gas Prod per PADD'!$A$1:$C$6,2,FALSE) -> 0.0035108696 | E98: 45376 | F98: 45377 | G98: CR (19) | L98: =C98*(E98-F98)/31 -> -0.52096774 | X98: =IF(COUNTA(Y98:EI98)=0,"Missing","OK") -> OK | AT98: =(2/7)*C98*-1 -> -4.6142857 | AU98: =AT98*-1 -> 4.6142857
A99: Marathon Salt Lake | B99: 4 | C99: 30 | D99: =C99/VLOOKUP(B99,'[2]Gas Prod per PADD'!$A$1:$C$6,2,FALSE) -> 0.088235294 | E99: 45334 | F99: 45378 | G99: CDU/Reformer/FCC/alky | H99: Down | I99: there was an update of 2/29, pulled up on 2/16 | K99: =C99*(E99-$K$1)/29 -> -17.586207 | L99: =C99*($K$1+1-F99)/31 -> -25.16129 | X99: =IF(COUNTA(Y99:EI99)=0,"Missing","OK") -> OK | AN99: -15 | AO99: -15 | AT99: =(AT43-$F99)/7*$C99 -> -194477.14 | AU99: =$C99-AT99 -> 194507.14
A100: Marathon Salt Lake City | B100: 4 | C100: =(0.6*26.4)+(66.5*0.12) -> 23.82 | D100: =C100/VLOOKUP(B100,'[2]Gas Prod per PADD'!$A$1:$C$6,2,FALSE) -> 0.070058824 | E100: 45336 | F100: 45378 | G100: FCC(26.4) / CDU (66.5) | K100: =C100*(E100-$K$1)/29 -> -12.32069 | L100: =C100*($K$1+1-F100)/31 -> -19.978065 | X100: =IF(COUNTA(Y100:EI100)=0,"Missing","OK") -> OK | AT100: =0.2*C100 -> 4.764 | AU100: =0.7*C100 -> 16.674 | AV100: =C100-(SUM(AT100:AU100)) -> 2.382
...

Sheet Offlline Gas by month from Raw
A1: Sum of Gasoline Production Offline (KBD) | B1: Column Labels
B2: <1/1/2024 | C2: <1/1/2024 Total | D2: 2024 | P2: 2024 Total | Q2: 2025 | AC2: 2025 Total | AD2: 2026 | AP2: 2026 Total
A3: Row Labels | B3: <1/1/2024 | D3: Jan | E3: Feb | F3: Mar | G3: Apr | H3: May | I3: Jun | J3: Jul | K3: Aug | L3: Sep | M3: Oct | N3: Nov | O3: Dec | Q3: Jan | R3: Feb | S3: Mar | T3: Apr | U3: May | V3: Jun | W3: Jul | X3: Aug | Y3: Sep | Z3: Oct | AA3: Nov | AB3: Dec | AD3: Jan | AE3: Feb | AF3: Mar | AG3: Apr | AH3: May | AI3: Jun | AJ3: Jul | AK3: Aug | AL3: Sep | AM3: Oct | AN3: Nov | AO3: Dec
A4: 1 | E4: 0 | F4: 44.853333 | G4: 29.046667 | H4: 8.1612903 | I4: 0 | L4: 34.45 | M4: 16.669355 | N4: 2.3333333 | P4: 135.51398 | Q4: 0.61935484 | R4: 25.48125 | S4: 32.842742 | T4: 6.5983333 | U4: 5.575 | V4: 12.325833 | Y4: 1.842 | Z4: 1.5845161 | AC4: 86.86903 | AG4: 32.3 | AP4: 32.3
A5: 2 | E5: 13.6 | F5: 134.09944 | G5: 343.47233 | H5: 148.09726 | J5: 3.9166667 | K5: 0 | L5: 212.34333 | M5: 347.76452 | N5: 43.561667 | P5: 1246.8552 | Q5: 8.6370968 | R5: 36.455357 | S5: 280.16213 | T5: 383.5415 | U5: 110.88065 | V5: 45.25 | W5: 36.193548 | X5: 42.25 | Y5: 177.59833 | Z5: 105.96371 | AA5: 4.2933333 | AC5: 1231.2257 | AE5: 146.72143 | AF5: 155.92823 | AG5: 148.97167 | AH5: 23.029839 | AL5: 10.791667 | AM5: 64.75 | AN5: 6.475 | AP5: 556.66783
A6: 3 | D6: 343.11774 | E6: 604.0628 | F6: 235.24526 | G6: 78.808333 | H6: 22.755 | I6: 59.156667 | J6: 56.459677 | K6: 107.7579 | L6: 178.73 | M6: 290.5279 | N6: 76.9545 | P6: 2053.5758 | Q6: 288.69032 | R6: 293.54107 | S6: 222.98024 | T6: 147.22667 | U6: 34.555903 | V6: 17.933333 | W6: 1.8580645 | Y6: 195.60533 | Z6: 321.95806 | AA6: 40.338333 | AC6: 1564.6873 | AD6: 246.11532 | AE6: 386.82679 | AF6: 206.43468 | AG6: 38.385833 | AH6: 9.9395161 | AI6: 2.75 | AJ6: 0.91935484 | AK6: 1.1 | AP6: 892.47149
A7: 4 | E7: 38.145517 | F7: 42.190968 | G7: 16.006667 | H7: 5.6666667 | K7: 3 | L7: 12.721333 | M7: 3.162 | N7: 0 | P7: 120.89315 | Q7: 10.71 | R7: 17.815714 | S7: 8.1951613 | T7: 25.166667 | U7: 9.5727419 | Y7: 5.0583333 | Z7: 3.8506452 | AB7: 2.9516129 | AC7: 83.320876 | AE7: 18.75 | AF7: 75.589839 | AG7: 64.991027 | AH7: 3.0141935 | AM7: 6.8870968 | AN7: 15.25 | AO7: 2.9516129 | AP7: 187.43377
A8: 5 | D8: 33.18871 | E8: 51.103448 | F8: 71.543333 | G8: 105.24333 | H8: 161.95839 | I8: 48.173333 | K8: 21.429032 | L8: 4.95 | M8: 4.0806452 | O8: 6.4580645 | P8: 508.12829 | Q8: 38.525806 | R8: 67.828571 | S8: 180.20645 | T8: 109.64833 | U8: 72.732258 | W8: 14.483871 | X8: 2.5741935 | Y8: 82.603333 | Z8: 167.38516 | AA8: 149.92 | AB8: 93.574516 | AC8: 979.4825 | AD8: 25.909677 | AE8: 8.3725 | AF8: 11.34 | AG8: 118.53933 | AH8: 129.53409 | AI8: 117.55667 | AJ8: 103.05 | AK8: 103.05 | AL8: 103.05 | AM8: 103.05 | AN8: 103.05 | AO8: 103.05 | AP8: 1029.5523
A9: (blank)
A10: Grand Total | D10: 376.30645 | E10: 706.91177 | F10: 527.93234 | G10: 572.57733 | H10: 346.6386 | I10: 107.33 | J10: 60.376344 | K10: 132.18694 | L10: 443.19467 | M10: 662.20442 | N10: 122.8495 | O10: 6.4580645 | P10: 4064.9664 | Q10: 347.18258 | R10: 441.12196 | S10: 724.38673 | T10: 672.1815 | U10: 233.31655 | V10: 75.509167 | W10: 52.535484 | X10: 44.824194 | Y10: 462.70733 | Z10: 600.7421 | AA10: 194.55167 | AB10: 96.526129 | AC10: 3945.5854 | AD10: 272.025 | AE10: 560.67071 | AF10: 449.29274 | AG10: 403.18786 | AH10: 165.51763 | AI10: 120.30667 | AJ10: 103.96935 | AK10: 104.15 | AL10: 113.84167 | AM10: 174.6871 | AN10: 124.775 | AO10: 106.00161 | AP10: 2698.4253
A13: US
A14: Sum of Gasoline Production Offline (KBD) | B14: Column Labels
A15: Row Labels | B15: <1/1/2024 | C15: 2024 | D15: 2025 | E15: 2026 | F15: Grand Total
A16: <1/1/2024
A17: Jan | C17: 376.30645 | D17: 347.18258 | E17: 272.025 | F17: 995.51403
A18: Feb | C18: 706.91177 | D18: 441.12196 | E18: 560.67071 | F18: 1708.7044
A19: Mar | C19: 527.93234 | D19: 724.38673 | E19: 449.29274 | F19: 1701.6118
A20: Apr | C20: 572.57733 | D20: 672.1815 | E20: 403.18786 | F20: 1647.9467
A21: May | C21: 346.6386 | D21: 233.31655 | E21: 165.51763 | F21: 745.47278
A22: Jun | C22: 107.33 | D22: 75.509167 | E22: 120.30667 | F22: 303.14583
A23: Jul | C23: 60.376344 | D23: 52.535484 | E23: 103.96935 | F23: 216.88118
A24: Aug | C24: 132.18694 | D24: 44.824194 | E24: 104.15 | F24: 281.16113
A25: Sep | C25: 443.19467 | D25: 462.70733 | E25: 113.84167 | F25: 1019.7437
A26: Oct | C26: 662.20442 | D26: 600.7421 | E26: 174.6871 | F26: 1437.6336
A27: Nov | C27: 122.8495 | D27: 194.55167 | E27: 124.775 | F27: 442.17617
A28: Dec | C28: 6.4580645 | D28: 96.526129 | E28: 106.00161 | F28: 208.98581
A29: Grand Total | C29: 4064.9664 | D29: 3945.5854 | E29: 2698.4253 | F29: 10708.977
A31: PADD | B31: 1
A33: Sum of Gasoline Production Offline (KBD) | B33: Column Labels
A34: Row Labels | B34: 2024 | C34: 2025 | D34: 2026 | E34: Grand Total
A35: Jan | C35: 0.61935484 | E35: 0.61935484
A36: Feb | B36: 0 | C36: 25.48125 | E36: 25.48125
A37: Mar | B37: 44.853333 | C37: 32.842742 | E37: 77.696075
A38: Apr | B38: 29.046667 | C38: 6.5983333 | D38: 32.3 | E38: 67.945
A39: May | B39: 8.1612903 | C39: 5.575 | E39: 13.73629
A40: Jun | B40: 0 | C40: 12.325833 | E40: 12.325833
A41: Sep | B41: 34.45 | C41: 1.842 | E41: 36.292
A42: Oct | B42: 16.669355 | C42: 1.5845161 | E42: 18.253871
A43: Nov | B43: 2.3333333 | E43: 2.3333333
A44: Grand Total | B44: 135.51398 | C44: 86.86903 | D44: 32.3 | E44: 254.68301
A46: PADD | B46: 2
A48: Sum of Gasoline Production Offline (KBD) | B48: Column Labels
A49: Row Labels | B49: 2024 | C49: 2025 | D49: 2026 | E49: Grand Total
A50: Jan | C50: 8.6370968 | E50: 8.6370968
A51: Feb | B51: 13.6 | C51: 36.455357 | D51: 146.72143 | E51: 196.77679
A52: Mar | B52: 134.09944 | C52: 280.16213 | D52: 155.92823 | E52: 570.1898
A53: Apr | B53: 343.47233 | C53: 383.5415 | D53: 148.97167 | E53: 875.9855
A54: May | B54: 148.09726 | C54: 110.88065 | D54: 23.029839 | E54: 282.00774
A55: Jun | C55: 45.25 | E55: 45.25
A56: Jul | B56: 3.9166667 | C56: 36.193548 | E56: 40.110215
A57: Aug | B57: 0 | C57: 42.25 | E57: 42.25
A58: Sep | B58: 212.34333 | C58: 177.59833 | D58: 10.791667 | E58: 400.73333
A59: Oct | B59: 347.76452 | C59: 105.96371 | D59: 64.75 | E59: 518.47823
A60: Nov | B60: 43.561667 | C60: 4.2933333 | D60: 6.475 | E60: 54.33
A61: Grand Total | B61: 1246.8552 | C61: 1231.2257 | D61: 556.66783 | E61: 3034.7487
A63: PADD | B63: 3
A65: Sum of Gasoline Production Offline (KBD) | B65: Column Labels
A66: Row Labels | B66: 2024 | C66: 2025 | D66: 2026 | E66: Grand Total
A67: Jan | B67: 343.11774 | C67: 288.69032 | D67: 246.11532 | E67: 877.92339
A68: Feb | B68: 604.0628 | C68: 293.54107 | D68: 386.82679 | E68: 1284.4307
A69: Mar | B69: 235.24526 | C69: 222.98024 | D69: 206.43468 | E69: 664.66018
A70: Apr | B70: 78.808333 | C70: 147.22667 | D70: 38.385833 | E70: 264.42083
A71: May | B71: 22.755 | C71: 34.555903 | D71: 9.9395161 | E71: 67.250419
A72: Jun | B72: 59.156667 | C72: 17.933333 | D72: 2.75 | E72: 79.84
A73: Jul | B73: 56.459677 | C73: 1.8580645 | D73: 0.91935484 | E73: 59.237097
A74: Aug | B74: 107.7579 | D74: 1.1 | E74: 108.8579
A75: Sep | B75: 178.73 | C75: 195.60533 | E75: 374.33533
A76: Oct | B76: 290.5279 | C76: 321.95806 | E76: 612.48597
A77: Nov | B77: 76.9545 | C77: 40.338333 | E77: 117.29283
A78: Grand Total | B78: 2053.5758 | C78: 1564.6873 | D78: 892.47149 | E78: 4510.7346
A81: PADD | B81: 4
A83: Sum of Gasoline Production Offline (KBD) | B83: Column Labels
A84: Row Labels | B84: 2024 | C84: 2025 | D84: 2026 | E84: Grand Total
A85: Jan | C85: 10.71 | E85: 10.71
A86: Feb | B86: 38.145517 | C86: 17.815714 | D86: 18.75 | E86: 74.711232
A87: Mar | B87: 42.190968 | C87: 8.1951613 | D87: 75.589839 | E87: 125.97597
A88: Apr | B88: 16.006667 | C88: 25.166667 | D88: 64.991027 | E88: 106.16436
A89: May | B89: 5.6666667 | C89: 9.5727419 | D89: 3.0141935 | E89: 18.253602
A90: Aug | B90: 3 | E90: 3
A91: Sep | B91: 12.721333 | C91: 5.0583333 | E91: 17.779667
A92: Oct | B92: 3.162 | C92: 3.8506452 | D92: 6.8870968 | E92: 13.899742
A93: Nov | B93: 0 | D93: 15.25 | E93: 15.25
A94: Dec | C94: 2.9516129 | D94: 2.9516129 | E94: 5.9032258
A95: Grand Total | B95: 120.89315 | C95: 83.320876 | D95: 187.43377 | E95: 391.6478
A98: PADD | B98: 3
A100: Sum of Gasoline Production Offline (KBD) | B100: Column Labels
B101: 2026 | L101: 2026 Total | M101: Grand Total
A102: Row Labels | B102: Jan | C102: Feb | D102: Mar | E102: Apr | F102: May | G102: Jun | H102: Jul | I102: Aug | J102: Oct | K102: Nov
A103: Alky | B103: 0 | C103: 0 | D103: 0 | E103: 0 | F103: 0 | L103: 0 | M103: 0
A104: BIG SPRINGS - ALON | C104: 0 | D104: 0 | L104: 0 | M104: 0
A105: EL DORADO REFINERY (DELEK) | C105: 0 | D105: 0 | E105: 0 | L105: 0 | M105: 0
A106: HOUSTON REFINERY (VALERO) | B106: 0 | C106: 0 | L106: 0 | M106: 0
A107: MARATHON PETROLEUM - TEXAS CITY (GALVESTON BAY) | B107: 0 | C107: 0 | L107: 0 | M107: 0
A108: PORT ALLEN REFINERY | E108: 0 | F108: 0 | L108: 0 | M108: 0
A109: CCU | B109: 124.8629 | C109: 103.65179 | D109: 36.169355 | E109: 14.614167 | F109: 3.4491935 | L109: 282.7474 | M109: 282.7474
A110: BIG SPRINGS - ALON | C110: 8.7053571 | D110: 13.104839 | L110: 21.810196 | M110: 21.810196
A111: EL DORADO REFINERY (DELEK) | C111: 12.071429 | D111: 13 | E111: 0.86666667 | L111: 25.938095 | M111: 25.938095
A112: EXXON - BATON ROUGE | B112: 0 | C112: 0 | D112: 0 | L112: 0 | M112: 0
A113: Galveston Bay Refinery (GBR) | B113: 79.258065 | C113: 22.75 | L113: 102.00806 | M113: 102.00806
A114: HOUSTON REFINERY (VALERO) | B114: 20.443548 | C114: 21.125 | L114: 41.568548 | M114: 41.568548
...

Sheet 22-24 data
Q2: 2024 Planned Offline Mogas Production (KBD)
B3: Sum of Capacity Offline for Area Chart (KBD) | C3: Column Labels | R3: Column Labels
B4: Row Labels | C4: Jan | D4: Feb | E4: Mar | F4: Apr | G4: May | H4: Jun | I4: Sep | J4: Oct | K4: Nov | L4: Dec | M4: Grand Total | Q4: Row Labels | R4: Jan | S4: Feb | T4: Mar | U4: Apr | V4: May | W4: Jun | X4: Jul | Y4: Aug | Z4: Sep | AA4: Oct | AB4: Nov | AC4: Dec | AD4: Total | AE4: Aug-Nov Avg
B5: Chalmette Refining LLC | C5: 220.76 | D5: 77.745714 | L5: 24.768571 | M5: 323.27429 | Q5: Chalmette Refining LLC | R5: =C5/4 -> 55.19 | S5: =D5/4 -> 19.436429 | T5: =E5/4 -> 0 | U5: =F5/4 -> 0 | V5: =G5/4 -> 0 | W5: =H5/4 -> 0 | X5: 0 | Y5: 0 | Z5: =I5/4 -> 0 | AA5: =J5/4 -> 0 | AB5: =K5/4 -> 0 | AC5: =L5/4 -> 6.1921429
B6: Chalmette Refinery | C6: 220.76 | D6: 77.745714 | L6: 24.768571 | M6: 323.27429 | Q6: Chalmette Refinery | R6: =C6/4 -> 55.19 | S6: =D6/4 -> 19.436429 | T6: =E6/4 -> 0 | U6: =F6/4 -> 0 | V6: =G6/4 -> 0 | W6: =H6/4 -> 0 | X6: 0 | Y6: 0 | Z6: =I6/4 -> 0 | AA6: =J6/4 -> 0 | AB6: =K6/4 -> 0 | AC6: =L6/4 -> 6.1921429
B7: Chevron Corporation | F7: 43.2 | G7: 86.4 | H7: 43.2 | M7: 172.8 | Q7: Chevron Corporation | R7: =C7/4 -> 0 | S7: =D7/4 -> 0 | T7: =E7/4 -> 0 | U7: =F7/4 -> 10.8 | V7: =G7/4 -> 21.6 | W7: =H7/4 -> 10.8 | X7: 0 | Y7: 0 | Z7: =I7/4 -> 0 | AA7: =J7/4 -> 0 | AB7: =K7/4 -> 0 | AC7: =L7/4 -> 0
B8: Pasadena Refinery | F8: 43.2 | G8: 86.4 | H8: 43.2 | M8: 172.8 | Q8: Pasadena Refinery | R8: =C8/4 -> 0 | S8: =D8/4 -> 0 | T8: =E8/4 -> 0 | U8: =F8/4 -> 10.8 | V8: =G8/4 -> 21.6 | W8: =H8/4 -> 10.8 | X8: 0 | Y8: 0 | Z8: =I8/4 -> 0 | AA8: =J8/4 -> 0 | AB8: =K8/4 -> 0 | AC8: =L8/4 -> 0
B9: CITGO Petroleum Corporation | C9: 19.942857 | D9: 267.2 | E9: 392.14 | F9: 97.8 | I9: 180.51429 | J9: 187.2 | K9: 33.428571 | M9: 1178.2257 | Q9: CITGO Petroleum Corporation | R9: =C9/4 -> 4.9857143 | S9: =D9/4 -> 66.8 | T9: =E9/4 -> 98.035 | U9: =F9/4 -> 24.45 | V9: =G9/4 -> 0 | W9: =H9/4 -> 0 | X9: 0 | Y9: 0 | Z9: =I9/4 -> 45.128571 | AA9: =J9/4 -> 46.8 | AB9: =K9/4 -> 8.3571429 | AC9: =L9/4 -> 0
B10: Corpus Christi Refinery - West (CITGO) | E10: 83.785714 | F10: 69.214286 | M10: 153 | Q10: Corpus Christi Refinery - West (CITGO) | R10: =C10/4 -> 0 | S10: =D10/4 -> 0 | T10: =E10/4 -> 20.946429 | U10: =F10/4 -> 17.303571 | V10: =G10/4 -> 0 | W10: =H10/4 -> 0 | X10: 0 | Y10: 0 | Z10: =I10/4 -> 0 | AA10: =J10/4 -> 0 | AB10: =K10/4 -> 0 | AC10: =L10/4 -> 0
B11: Corpus Christi Refinery-East | E11: 194.38286 | F11: 28.585714 | M11: 222.96857 | Q11: Corpus Christi Refinery-East | R11: =C11/4 -> 0 | S11: =D11/4 -> 0 | T11: =E11/4 -> 48.595714 | U11: =F11/4 -> 7.1464286 | V11: =G11/4 -> 0 | W11: =H11/4 -> 0 | X11: 0 | Y11: 0 | Z11: =I11/4 -> 0 | AA11: =J11/4 -> 0 | AB11: =K11/4 -> 0 | AC11: =L11/4 -> 0
B12: Lake Charles Refinery (CITGO) | C12: 19.942857 | D12: 267.2 | E12: 113.97143 | I12: 180.51429 | J12: 187.2 | K12: 33.428571 | M12: 802.25714 | Q12: Lake Charles Refinery (CITGO) | R12: =C12/4 -> 4.9857143 | S12: =D12/4 -> 66.8 | T12: =E12/4 -> 28.492857 | U12: =F12/4 -> 0 | V12: =G12/4 -> 0 | W12: =H12/4 -> 0 | X12: 0 | Y12: 0 | Z12: =I12/4 -> 45.128571 | AA12: =J12/4 -> 46.8 | AB12: =K12/4 -> 8.3571429 | AC12: =L12/4 -> 0
B13: Deer Park Refining LP | I13: 27.867857 | J13: 156.06 | K13: 11.147143 | M13: 195.075 | Q13: Deer Park Refining LP | R13: =C13/4 -> 0 | S13: =D13/4 -> 0 | T13: =E13/4 -> 0 | U13: =F13/4 -> 0 | V13: =G13/4 -> 0 | W13: =H13/4 -> 0 | X13: 0 | Y13: 0 | Z13: =I13/4 -> 6.9669643 | AA13: =J13/4 -> 39.015 | AB13: =K13/4 -> 2.7867857 | AC13: =L13/4 -> 0
B14: Deer Park Refinery | I14: 27.867857 | J14: 156.06 | K14: 11.147143 | M14: 195.075 | Q14: Deer Park Refinery | R14: =C14/4 -> 0 | S14: =D14/4 -> 0 | T14: =E14/4 -> 0 | U14: =F14/4 -> 0 | V14: =G14/4 -> 0 | W14: =H14/4 -> 0 | X14: 0 | Y14: 0 | Z14: =I14/4 -> 6.9669643 | AA14: =J14/4 -> 39.015 | AB14: =K14/4 -> 2.7867857 | AC14: =L14/4 -> 0
B15: Delek US Holdings | J15: 115.32857 | K15: 76.885714 | M15: 192.21429 | Q15: Delek US Holdings | R15: =C15/4 -> 0 | S15: =D15/4 -> 0 | T15: =E15/4 -> 0 | U15: =F15/4 -> 0 | V15: =G15/4 -> 0 | W15: =H15/4 -> 0 | X15: 0 | Y15: 0 | Z15: =I15/4 -> 0 | AA15: =J15/4 -> 28.832143 | AB15: =K15/4 -> 19.221429 | AC15: =L15/4 -> 0
B16: Krotz Springs Refinery | J16: 115.32857 | K16: 76.885714 | M16: 192.21429 | Q16: Krotz Springs Refinery | R16: =C16/4 -> 0 | S16: =D16/4 -> 0 | T16: =E16/4 -> 0 | U16: =F16/4 -> 0 | V16: =G16/4 -> 0 | W16: =H16/4 -> 0 | X16: 0 | Y16: 0 | Z16: =I16/4 -> 0 | AA16: =J16/4 -> 28.832143 | AB16: =K16/4 -> 19.221429 | AC16: =L16/4 -> 0
B17: ExxonMobil Corporation | C17: 433.67857 | D17: 413.73571 | L17: 18.228571 | M17: 865.64286 | Q17: ExxonMobil Corporation | R17: =C17/4 -> 108.41964 | S17: =D17/4 -> 103.43393 | T17: =E17/4 -> 0 | U17: =F17/4 -> 0 | V17: =G17/4 -> 0 | W17: =H17/4 -> 0 | X17: 0 | Y17: 0 | Z17: =I17/4 -> 0 | AA17: =J17/4 -> 0 | AB17: =K17/4 -> 0 | AC17: =L17/4 -> 4.5571429
B18: Baton Rouge Refinery | C18: 255.2 | D18: 45.571429 | L18: 18.228571 | M18: 319 | Q18: Baton Rouge Refinery | R18: =C18/4 -> 63.8 | S18: =D18/4 -> 11.392857 | T18: =E18/4 -> 0 | U18: =F18/4 -> 0 | V18: =G18/4 -> 0 | W18: =H18/4 -> 0 | X18: 0 | Y18: 0 | Z18: =I18/4 -> 0 | AA18: =J18/4 -> 0 | AB18: =K18/4 -> 0 | AC18: =L18/4 -> 4.5571429
B19: Baytown Refinery | C19: 159.19286 | D19: 117.66429 | M19: 276.85714 | Q19: Baytown Refinery | R19: =C19/4 -> 39.798214 | S19: =D19/4 -> 29.416071 | T19: =E19/4 -> 0 | U19: =F19/4 -> 0 | V19: =G19/4 -> 0 | W19: =H19/4 -> 0 | X19: 0 | Y19: 0 | Z19: =I19/4 -> 0 | AA19: =J19/4 -> 0 | AB19: =K19/4 -> 0 | AC19: =L19/4 -> 0
B20: Beaumont Refinery | C20: 19.285714 | D20: 250.5 | M20: 269.78571 | Q20: Beaumont Refinery | R20: =C20/4 -> 4.8214286 | S20: =D20/4 -> 62.625 | T20: =E20/4 -> 0 | U20: =F20/4 -> 0 | V20: =G20/4 -> 0 | W20: =H20/4 -> 0 | X20: 0 | Y20: 0 | Z20: =I20/4 -> 0 | AA20: =J20/4 -> 0 | AB20: =K20/4 -> 0 | AC20: =L20/4 -> 0
B21: Flint Hills Resources LLC | C21: 155.81429 | D21: 155.81429 | I21: 91.142857 | J21: 68.357143 | M21: 471.12857 | Q21: Flint Hills Resources LLC | R21: =C21/4 -> 38.953571 | S21: =D21/4 -> 38.953571 | T21: =E21/4 -> 0 | U21: =F21/4 -> 0 | V21: =G21/4 -> 0 | W21: =H21/4 -> 0 | X21: 0 | Y21: 0 | Z21: =I21/4 -> 22.785714 | AA21: =J21/4 -> 17.089286 | AB21: =K21/4 -> 0 | AC21: =L21/4 -> 0
B22: Corpus Christi Refinery - East | I22: 91.142857 | J22: 68.357143 | M22: 159.5 | Q22: Corpus Christi Refinery - East | R22: =C22/4 -> 0 | S22: =D22/4 -> 0 | T22: =E22/4 -> 0 | U22: =F22/4 -> 0 | V22: =G22/4 -> 0 | W22: =H22/4 -> 0 | X22: 0 | Y22: 0 | Z22: =I22/4 -> 22.785714 | AA22: =J22/4 -> 17.089286 | AB22: =K22/4 -> 0 | AC22: =L22/4 -> 0
B23: Corpus Christi Refinery - West (Flint Hills) | C23: 155.81429 | D23: 155.81429 | M23: 311.62857 | Q23: Corpus Christi Refinery - West (Flint Hills) | R23: =C23/4 -> 38.953571 | S23: =D23/4 -> 38.953571 | T23: =E23/4 -> 0 | U23: =F23/4 -> 0 | V23: =G23/4 -> 0 | W23: =H23/4 -> 0 | X23: 0 | Y23: 0 | Z23: =I23/4 -> 0 | AA23: =J23/4 -> 0 | AB23: =K23/4 -> 0 | AC23: =L23/4 -> 0
B24: Marathon Petroleum Corporation | C24: 160.82857 | D24: 49.485714 | M24: 210.31429 | Q24: Marathon Petroleum Corporation | R24: =C24/4 -> 40.207143 | S24: =D24/4 -> 12.371429 | T24: =E24/4 -> 0 | U24: =F24/4 -> 0 | V24: =G24/4 -> 0 | W24: =H24/4 -> 0 | X24: 0 | Y24: 0 | Z24: =I24/4 -> 0 | AA24: =J24/4 -> 0 | AB24: =K24/4 -> 0 | AC24: =L24/4 -> 0
B25: Texas City Refinery (Bay Plant) | C25: 160.82857 | D25: 49.485714 | M25: 210.31429 | Q25: Texas City Refinery (Bay Plant) | R25: =C25/4 -> 40.207143 | S25: =D25/4 -> 12.371429 | T25: =E25/4 -> 0 | U25: =F25/4 -> 0 | V25: =G25/4 -> 0 | W25: =H25/4 -> 0 | X25: 0 | Y25: 0 | Z25: =I25/4 -> 0 | AA25: =J25/4 -> 0 | AB25: =K25/4 -> 0 | AC25: =L25/4 -> 0
B26: Phillips 66 | D26: 9 | E26: 157.5 | F26: 22.5 | I26: 76.56 | J26: 107.184 | K26: 45.936 | M26: 418.68 | Q26: Phillips 66 | R26: =C26/4 -> 0 | S26: =D26/4 -> 2.25 | T26: =E26/4 -> 39.375 | U26: =F26/4 -> 5.625 | V26: =G26/4 -> 0 | W26: =H26/4 -> 0 | X26: 0 | Y26: 0 | Z26: =I26/4 -> 19.14 | AA26: =J26/4 -> 26.796 | AB26: =K26/4 -> 11.484 | AC26: =L26/4 -> 0
B27: Lake Charles Refinery (Phillips 66) | I27: 76.56 | J27: 107.184 | K27: 45.936 | M27: 229.68 | Q27: Lake Charles Refinery (Phillips 66) | R27: =C27/4 -> 0 | S27: =D27/4 -> 0 | T27: =E27/4 -> 0 | U27: =F27/4 -> 0 | V27: =G27/4 -> 0 | W27: =H27/4 -> 0 | X27: 0 | Y27: 0 | Z27: =I27/4 -> 19.14 | AA27: =J27/4 -> 26.796 | AB27: =K27/4 -> 11.484 | AC27: =L27/4 -> 0
B28: Sweeny Refinery | D28: 9 | E28: 157.5 | F28: 22.5 | M28: 189 | Q28: Sweeny Refinery | R28: =C28/4 -> 0 | S28: =D28/4 -> 2.25 | T28: =E28/4 -> 39.375 | U28: =F28/4 -> 5.625 | V28: =G28/4 -> 0 | W28: =H28/4 -> 0 | X28: 0 | Y28: 0 | Z28: =I28/4 -> 0 | AA28: =J28/4 -> 0 | AB28: =K28/4 -> 0 | AC28: =L28/4 -> 0
B29: Valero Refining Company | C29: 374.16 | D29: 319.51714 | E29: 51.04 | I29: 19.794286 | J29: 277.12 | K29: 98.971429 | L29: 26.725714 | M29: 1167.3286 | Q29: Valero Refining Company | R29: =C29/4 -> 93.54 | S29: =D29/4 -> 79.879286 | T29: =E29/4 -> 12.76 | U29: =F29/4 -> 0 | V29: =G29/4 -> 0 | W29: =H29/4 -> 0 | X29: 0 | Y29: 0 | Z29: =I29/4 -> 4.9485714 | AA29: =J29/4 -> 69.28 | AB29: =K29/4 -> 24.742857 | AC29: =L29/4 -> 6.6814286
B30: McKee Refinery | I30: 19.794286 | J30: 277.12 | K30: 98.971429 | M30: 395.88571 | Q30: McKee Refinery | R30: =C30/4 -> 0 | S30: =D30/4 -> 0 | T30: =E30/4 -> 0 | U30: =F30/4 -> 0 | V30: =G30/4 -> 0 | W30: =H30/4 -> 0 | X30: 0 | Y30: 0 | Z30: =I30/4 -> 4.9485714 | AA30: =J30/4 -> 69.28 | AB30: =K30/4 -> 24.742857 | AC30: =L30/4 -> 0
B31: Port Arthur Refinery (Valero) | C31: 170 | D31: 115.35714 | L31: 12.142857 | M31: 297.5 | Q31: Port Arthur Refinery (Valero) | R31: =C31/4 -> 42.5 | S31: =D31/4 -> 28.839286 | T31: =E31/4 -> 0 | U31: =F31/4 -> 0 | V31: =G31/4 -> 0 | W31: =H31/4 -> 0 | X31: 0 | Y31: 0 | Z31: =I31/4 -> 0 | AA31: =J31/4 -> 0 | AB31: =K31/4 -> 0 | AC31: =L31/4 -> 3.0357143
B32: Texas City Refinery | C32: 204.16 | D32: 204.16 | E32: 51.04 | L32: 14.582857 | M32: 473.94286 | Q32: Texas City Refinery | R32: =C32/4 -> 51.04 | S32: =D32/4 -> 51.04 | T32: =E32/4 -> 12.76 | U32: =F32/4 -> 0 | V32: =G32/4 -> 0 | W32: =H32/4 -> 0 | X32: 0 | Y32: 0 | Z32: =I32/4 -> 0 | AA32: =J32/4 -> 0 | AB32: =K32/4 -> 0 | AC32: =L32/4 -> 3.6457143
B33: Vertex Energy | I33: 3.2785714 | J33: 45.9 | K33: 8.1964286 | M33: 57.375 | Q33: Vertex Energy | R33: =C33/4 -> 0 | S33: =D33/4 -> 0 | T33: =E33/4 -> 0 | U33: =F33/4 -> 0 | V33: =G33/4 -> 0 | W33: =H33/4 -> 0 | X33: 0 | Y33: 0 | Z33: =I33/4 -> 0.81964286 | AA33: =J33/4 -> 11.475 | AB33: =K33/4 -> 2.0491071 | AC33: =L33/4 -> 0
B34: Mobile Refinery (Vertex) | I34: 3.2785714 | J34: 45.9 | K34: 8.1964286 | M34: 57.375 | Q34: Mobile Refinery (Vertex) | X34: 0 | Y34: 0
B35: Grand Total | C35: 1365.1843 | D35: 1292.4986 | E35: 600.68 | F35: 163.5 | G35: 86.4 | H35: 43.2 | I35: 399.15786 | J35: 957.14971 | K35: 274.56529 | L35: 69.722857 | M35: 5252.0586 | O35: ‘24 Planned vs '22 & '23 Planned & Unplanned | Q35: 2024 Plan | R35: 347.97645 | S35: 594.71779 | T35: 237.86139 | U35: 80.508333 | V35: 22.800161 | W35: 59.756667 | X35: 52.009677 | Y35: 102.17081 | Z35: =238.371666667333-7 -> 231.37167 | AA35: =349.070537633742-39 -> 310.07054 | AB35: =71.0011666666667-3 -> 68.001167 | AC35: 0 | AD35: =AVERAGE(R35:AC35) -> 175.60372 | AE35: =AVERAGE(Y35:AB35) -> 177.90354
Q36: 2024 Plan + Unplanned | R36: 877.8921 | S36: 1086.9943 | T36: 629.3749 | U36: 500.59283 | V36: 225.10806 | W36: 227.28417 | X36: 211.11274 | Y36: 122.99355 | Z36: 205.66433 | AA36: 381.26326 | AB36: 74.4243 | AE36: =AVERAGE(Y36:AB36) -> 196.08636
Q37: 2023 Outages | R37: 417.94819 | S37: 512.316 | T37: 415.3019 | U37: 283.595 | V37: 218.23032 | W37: 236.043 | X37: 127.59258 | Y37: 245.76065 | Z37: 323.255 | AA37: 530.40581 | AB37: 239.637 | AC37: 58.000645 | AD37: =AVERAGE(R37:AC37) -> 300.67384 | AE37: =AVERAGE(Y37:AB37) -> 334.76461
Q38: vs 2024 | R38: =(R35-R37)/R37 -> -0.16741726 | S38: =(S35-S37)/S37 -> 0.16084172 | T38: =(T35-T37)/T37 -> -0.42725668 | U38: =(U35-U37)/U37 -> -0.71611512 | V38: =(V35-V37)/V37 -> -0.89552249 | W38: =(W35-W37)/W37 -> -0.74683991 | X38: =(X35-X37)/X37 -> -0.59237695 | Y38: =(Y35-Y37)/Y37 -> -0.58426702 | ... AE38: =(AE35-AE37)/AE37 -> -0.46857124
Q39: 2022 Outages | R39: 373.97451 | S39: 530.57792 | T39: 279.18401 | U39: 242.63558 | V39: 221.08524 | W39: 87.443667 | X39: 50.773667 | Y39: 59.664333 | Z39: 104.03633 | AA39: 446.5262 | AB39: 226.35833 | AC39: 391.73253 | AD39: =AVERAGE(R39:AC39) -> 251.16603 | AE39: =AVERAGE(Y39:AB39) -> 209.1463
Q40: vs 2024 | R40: =(R35-R39)/R39 -> -0.069518255 | S40: =(S35-S39)/S39 -> 0.1208868 | T40: =(T35-T39)/T39 -> -0.14801212 | U40: =(U35-U39)/U39 -> -0.66819239 | V40: =(V35-V39)/V39 -> -0.89687163 | W40: =(W35-W39)/W39 -> -0.3166267 | X40: =(X35-X39)/X39 -> 0.024343539 | Y40: =(Y35-Y39)/Y39 -> 0.71242685 | ... AE40: =(AE35-AE39)/AE39 -> -0.1493823
O41: ‘24 Planned vs '22 & '23 Planned ONLY | Q41: 2024 Plan | R41: 347.97645 | S41: 594.71779 | T41: 237.86139 | U41: 80.508333 | V41: 22.800161 | W41: 59.756667 | X41: 52.009677 | Y41: 102.17081 | Z41: =238.371666667333-7 -> 231.37167 | AA41: =349.070537633742-39 -> 310.07054 | AB41: =71.0011666666667-3 -> 68.001167 | AC41: 0 | AD41: =AVERAGE(R41:AC41) -> 175.60372 | AE41: =AVERAGE(Y41:AB41) -> 177.90354
Q42: 2023 Outages | R42: 238.07847 | S42: 467.7776 | T42: 370.22563 | U42: 218.85433 | V42: 116.55783 | W42: 63.005667 | X42: 1.7406667 | Y42: 63.729 | Z42: 165.49833 | AA42: 445.019 | AB42: 196.645 | AC42: 29.198333 | AD42: =AVERAGE(R42:AC42) -> 198.02749 | AE42: =AVERAGE(Y42:AB42) -> 217.72283
Q43: vs 2024 | R43: =(R41-R42)/R42 -> 0.46160405 | S43: =(S41-S42)/S42 -> 0.27136867 | T43: =(T41-T42)/T42 -> -0.35752317 | U43: =(U41-U42)/U42 -> -0.63213736 | V43: =(V41-V42)/V42 -> -0.80438757 | W43: =(W41-W42)/W42 -> -0.05156679 | X43: =(X41-X42)/X42 -> 28.879171 | Y43: =(Y41-Y42)/Y42 -> 0.60320743 | ... AE43: =(AE41-AE42)/AE42 -> -0.18288982
Q44: 2022 Outages | R44: 166.37083 | S44: 279.693 | T44: 218.80733 | U44: 155.898 | V44: 81.371333 | W44: 2.4266667 | X44: 22.841667 | Y44: 20.173333 | Z44: 68.549667 | AA44: 391.1662 | AB44: 193.853 | AC44: 36.110333 | AD44: =AVERAGE(R44:AC44) -> 136.43845 | AE44: =AVERAGE(Y44:AB44) -> 168.43555
Q45: vs 2024 | R45: =(R41-R44)/R44 -> 1.0915712 | S45: =(S41-S44)/S44 -> 1.1263235 | T45: =(T41-T44)/T44 -> 0.087081437 | U45: =(U41-U44)/U44 -> -0.48358328 | V45: =(V41-V44)/V44 -> -0.71980106 | W45: =(W41-W44)/W44 -> 23.625 | X45: =(X41-X44)/X44 -> 1.2769651 | Y45: =(Y41-Y44)/Y44 -> 4.0646467 | ... AE45: =(AE41-AE44)/AE44 -> 0.056211378
Q46: 2024 Unplanned Outages | W46: 71 | X46: 135 | Y46: 103 | Z46: 103 | AA46: 103 | AB46: 103 | AC46: 103 | AE46: =AVERAGE(Y46:AB46) -> 103
Q47: 2023 Unplanned Outages | R47: =R37-R42 -> 179.86973 | S47: =S37-S42 -> 44.5384 | T47: =T37-T42 -> 45.07627 | U47: =U37-U42 -> 64.740667 | V47: =V37-V42 -> 101.67249 | W47: =W37-W42 -> 173.03733 | X47: =X37-X42 -> 125.85191 | Y47: =Y37-Y42 -> 182.03165 | ... AC47: =AC37-AC42 -> 28.802312 | AD47: =AVERAGE(R47:AC47) -> 102.64635 | AE47: =AVERAGE(Y47:AB47) -> 117.04178
Q48: 2022 Unplanned Outages | R48: =R39-R44 -> 207.60367 | S48: =S39-S44 -> 250.88492 | T48: =T39-T44 -> 60.376673 | U48: =U39-U44 -> 86.737583 | V48: =V39-V44 -> 139.71391 | W48: =W39-W44 -> 85.017 | X48: =X39-X44 -> 27.932 | Y48: =Y39-Y44 -> 39.491 | ... AC48: =AC39-AC44 -> 355.6222 | AD48: =AVERAGE(R48:AC48) -> 114.72758 | AE48: =AVERAGE(Y48:AB48) -> 40.71075
AD52: =AD37-AD51 -> 300.67384

Sheet 23-26 data
Q2: 2024 Planned Offline Mogas Production (KBD)
B3: Sum of Capacity Offline for Area Chart (KBD) | C3: Column Labels | R3: Column Labels
B4: Row Labels | C4: Jan | D4: Feb | E4: Mar | F4: Apr | G4: May | H4: Jun | I4: Sep | J4: Oct | K4: Nov | L4: Dec | M4: Grand Total | Q4: Row Labels | R4: Jan | S4: Feb | T4: Mar | U4: Apr | V4: May | W4: Jun | X4: Jul | Y4: Aug | Z4: Sep | AA4: Oct | AB4: Nov | AC4: Dec | AD4: Total | AE4: Aug-Nov Avg
B5: Chalmette Refining LLC | C5: 220.76 | D5: 77.745714 | L5: 24.768571 | M5: 323.27429 | Q5: Chalmette Refining LLC | R5: =C5/4 -> 55.19 | S5: =D5/4 -> 19.436429 | T5: =E5/4 -> 0 | U5: =F5/4 -> 0 | V5: =G5/4 -> 0 | W5: =H5/4 -> 0 | X5: 0 | Y5: 0 | Z5: =I5/4 -> 0 | AA5: =J5/4 -> 0 | AB5: =K5/4 -> 0 | AC5: =L5/4 -> 6.1921429
B6: Chalmette Refinery | C6: 220.76 | D6: 77.745714 | L6: 24.768571 | M6: 323.27429 | Q6: Chalmette Refinery | R6: =C6/4 -> 55.19 | S6: =D6/4 -> 19.436429 | T6: =E6/4 -> 0 | U6: =F6/4 -> 0 | V6: =G6/4 -> 0 | W6: =H6/4 -> 0 | X6: 0 | Y6: 0 | Z6: =I6/4 -> 0 | AA6: =J6/4 -> 0 | AB6: =K6/4 -> 0 | AC6: =L6/4 -> 6.1921429
B7: Chevron Corporation | F7: 43.2 | G7: 86.4 | H7: 43.2 | M7: 172.8 | Q7: Chevron Corporation | R7: =C7/4 -> 0 | S7: =D7/4 -> 0 | T7: =E7/4 -> 0 | U7: =F7/4 -> 10.8 | V7: =G7/4 -> 21.6 | W7: =H7/4 -> 10.8 | X7: 0 | Y7: 0 | Z7: =I7/4 -> 0 | AA7: =J7/4 -> 0 | AB7: =K7/4 -> 0 | AC7: =L7/4 -> 0
B8: Pasadena Refinery | F8: 43.2 | G8: 86.4 | H8: 43.2 | M8: 172.8 | Q8: Pasadena Refinery | R8: =C8/4 -> 0 | S8: =D8/4 -> 0 | T8: =E8/4 -> 0 | U8: =F8/4 -> 10.8 | V8: =G8/4 -> 21.6 | W8: =H8/4 -> 10.8 | X8: 0 | Y8: 0 | Z8: =I8/4 -> 0 | AA8: =J8/4 -> 0 | AB8: =K8/4 -> 0 | AC8: =L8/4 -> 0
B9: CITGO Petroleum Corporation | C9: 19.942857 | D9: 267.2 | E9: 392.14 | F9: 97.8 | I9: 180.51429 | J9: 187.2 | K9: 33.428571 | M9: 1178.2257 | Q9: CITGO Petroleum Corporation | R9: =C9/4 -> 4.9857143 | S9: =D9/4 -> 66.8 | T9: =E9/4 -> 98.035 | U9: =F9/4 -> 24.45 | V9: =G9/4 -> 0 | W9: =H9/4 -> 0 | X9: 0 | Y9: 0 | Z9: =I9/4 -> 45.128571 | AA9: =J9/4 -> 46.8 | AB9: =K9/4 -> 8.3571429 | AC9: =L9/4 -> 0
B10: Corpus Christi Refinery - West (CITGO) | E10: 83.785714 | F10: 69.214286 | M10: 153 | Q10: Corpus Christi Refinery - West (CITGO) | R10: =C10/4 -> 0 | S10: =D10/4 -> 0 | T10: =E10/4 -> 20.946429 | U10: =F10/4 -> 17.303571 | V10: =G10/4 -> 0 | W10: =H10/4 -> 0 | X10: 0 | Y10: 0 | Z10: =I10/4 -> 0 | AA10: =J10/4 -> 0 | AB10: =K10/4 -> 0 | AC10: =L10/4 -> 0
B11: Corpus Christi Refinery-East | E11: 194.38286 | F11: 28.585714 | M11: 222.96857 | Q11: Corpus Christi Refinery-East | R11: =C11/4 -> 0 | S11: =D11/4 -> 0 | T11: =E11/4 -> 48.595714 | U11: =F11/4 -> 7.1464286 | V11: =G11/4 -> 0 | W11: =H11/4 -> 0 | X11: 0 | Y11: 0 | Z11: =I11/4 -> 0 | AA11: =J11/4 -> 0 | AB11: =K11/4 -> 0 | AC11: =L11/4 -> 0
B12: Lake Charles Refinery (CITGO) | C12: 19.942857 | D12: 267.2 | E12: 113.97143 | I12: 180.51429 | J12: 187.2 | K12: 33.428571 | M12: 802.25714 | Q12: Lake Charles Refinery (CITGO) | R12: =C12/4 -> 4.9857143 | S12: =D12/4 -> 66.8 | T12: =E12/4 -> 28.492857 | U12: =F12/4 -> 0 | V12: =G12/4 -> 0 | W12: =H12/4 -> 0 | X12: 0 | Y12: 0 | Z12: =I12/4 -> 45.128571 | AA12: =J12/4 -> 46.8 | AB12: =K12/4 -> 8.3571429 | AC12: =L12/4 -> 0
B13: Deer Park Refining LP | I13: 27.867857 | J13: 156.06 | K13: 11.147143 | M13: 195.075 | Q13: Deer Park Refining LP | R13: =C13/4 -> 0 | S13: =D13/4 -> 0 | T13: =E13/4 -> 0 | U13: =F13/4 -> 0 | V13: =G13/4 -> 0 | W13: =H13/4 -> 0 | X13: 0 | Y13: 0 | Z13: =I13/4 -> 6.9669643 | AA13: =J13/4 -> 39.015 | AB13: =K13/4 -> 2.7867857 | AC13: =L13/4 -> 0
B14: Deer Park Refinery | I14: 27.867857 | J14: 156.06 | K14: 11.147143 | M14: 195.075 | Q14: Deer Park Refinery | R14: =C14/4 -> 0 | S14: =D14/4 -> 0 | T14: =E14/4 -> 0 | U14: =F14/4 -> 0 | V14: =G14/4 -> 0 | W14: =H14/4 -> 0 | X14: 0 | Y14: 0 | Z14: =I14/4 -> 6.9669643 | AA14: =J14/4 -> 39.015 | AB14: =K14/4 -> 2.7867857 | AC14: =L14/4 -> 0
B15: Delek US Holdings | J15: 115.32857 | K15: 76.885714 | M15: 192.21429 | Q15: Delek US Holdings | R15: =C15/4 -> 0 | S15: =D15/4 -> 0 | T15: =E15/4 -> 0 | U15: =F15/4 -> 0 | V15: =G15/4 -> 0 | W15: =H15/4 -> 0 | X15: 0 | Y15: 0 | Z15: =I15/4 -> 0 | AA15: =J15/4 -> 28.832143 | AB15: =K15/4 -> 19.221429 | AC15: =L15/4 -> 0
B16: Krotz Springs Refinery | J16: 115.32857 | K16: 76.885714 | M16: 192.21429 | Q16: Krotz Springs Refinery | R16: =C16/4 -> 0 | S16: =D16/4 -> 0 | T16: =E16/4 -> 0 | U16: =F16/4 -> 0 | V16: =G16/4 -> 0 | W16: =H16/4 -> 0 | X16: 0 | Y16: 0 | Z16: =I16/4 -> 0 | AA16: =J16/4 -> 28.832143 | AB16: =K16/4 -> 19.221429 | AC16: =L16/4 -> 0
B17: ExxonMobil Corporation | C17: 433.67857 | D17: 413.73571 | L17: 18.228571 | M17: 865.64286 | Q17: ExxonMobil Corporation | R17: =C17/4 -> 108.41964 | S17: =D17/4 -> 103.43393 | T17: =E17/4 -> 0 | U17: =F17/4 -> 0 | V17: =G17/4 -> 0 | W17: =H17/4 -> 0 | X17: 0 | Y17: 0 | Z17: =I17/4 -> 0 | AA17: =J17/4 -> 0 | AB17: =K17/4 -> 0 | AC17: =L17/4 -> 4.5571429
B18: Baton Rouge Refinery | C18: 255.2 | D18: 45.571429 | L18: 18.228571 | M18: 319 | Q18: Baton Rouge Refinery | R18: =C18/4 -> 63.8 | S18: =D18/4 -> 11.392857 | T18: =E18/4 -> 0 | U18: =F18/4 -> 0 | V18: =G18/4 -> 0 | W18: =H18/4 -> 0 | X18: 0 | Y18: 0 | Z18: =I18/4 -> 0 | AA18: =J18/4 -> 0 | AB18: =K18/4 -> 0 | AC18: =L18/4 -> 4.5571429
B19: Baytown Refinery | C19: 159.19286 | D19: 117.66429 | M19: 276.85714 | Q19: Baytown Refinery | R19: =C19/4 -> 39.798214 | S19: =D19/4 -> 29.416071 | T19: =E19/4 -> 0 | U19: =F19/4 -> 0 | V19: =G19/4 -> 0 | W19: =H19/4 -> 0 | X19: 0 | Y19: 0 | Z19: =I19/4 -> 0 | AA19: =J19/4 -> 0 | AB19: =K19/4 -> 0 | AC19: =L19/4 -> 0
B20: Beaumont Refinery | C20: 19.285714 | D20: 250.5 | M20: 269.78571 | Q20: Beaumont Refinery | R20: =C20/4 -> 4.8214286 | S20: =D20/4 -> 62.625 | T20: =E20/4 -> 0 | U20: =F20/4 -> 0 | V20: =G20/4 -> 0 | W20: =H20/4 -> 0 | X20: 0 | Y20: 0 | Z20: =I20/4 -> 0 | AA20: =J20/4 -> 0 | AB20: =K20/4 -> 0 | AC20: =L20/4 -> 0
B21: Flint Hills Resources LLC | C21: 155.81429 | D21: 155.81429 | I21: 91.142857 | J21: 68.357143 | M21: 471.12857 | Q21: Flint Hills Resources LLC | R21: =C21/4 -> 38.953571 | S21: =D21/4 -> 38.953571 | T21: =E21/4 -> 0 | U21: =F21/4 -> 0 | V21: =G21/4 -> 0 | W21: =H21/4 -> 0 | X21: 0 | Y21: 0 | Z21: =I21/4 -> 22.785714 | AA21: =J21/4 -> 17.089286 | AB21: =K21/4 -> 0 | AC21: =L21/4 -> 0
B22: Corpus Christi Refinery - East | I22: 91.142857 | J22: 68.357143 | M22: 159.5 | Q22: Corpus Christi Refinery - East | R22: =C22/4 -> 0 | S22: =D22/4 -> 0 | T22: =E22/4 -> 0 | U22: =F22/4 -> 0 | V22: =G22/4 -> 0 | W22: =H22/4 -> 0 | X22: 0 | Y22: 0 | Z22: =I22/4 -> 22.785714 | AA22: =J22/4 -> 17.089286 | AB22: =K22/4 -> 0 | AC22: =L22/4 -> 0
B23: Corpus Christi Refinery - West (Flint Hills) | C23: 155.81429 | D23: 155.81429 | M23: 311.62857 | Q23: Corpus Christi Refinery - West (Flint Hills) | R23: =C23/4 -> 38.953571 | S23: =D23/4 -> 38.953571 | T23: =E23/4 -> 0 | U23: =F23/4 -> 0 | V23: =G23/4 -> 0 | W23: =H23/4 -> 0 | X23: 0 | Y23: 0 | Z23: =I23/4 -> 0 | AA23: =J23/4 -> 0 | AB23: =K23/4 -> 0 | AC23: =L23/4 -> 0
B24: Marathon Petroleum Corporation | C24: 160.82857 | D24: 49.485714 | M24: 210.31429 | Q24: Marathon Petroleum Corporation | R24: =C24/4 -> 40.207143 | S24: =D24/4 -> 12.371429 | T24: =E24/4 -> 0 | U24: =F24/4 -> 0 | V24: =G24/4 -> 0 | W24: =H24/4 -> 0 | X24: 0 | Y24: 0 | Z24: =I24/4 -> 0 | AA24: =J24/4 -> 0 | AB24: =K24/4 -> 0 | AC24: =L24/4 -> 0
B25: Texas City Refinery (Bay Plant) | C25: 160.82857 | D25: 49.485714 | M25: 210.31429 | Q25: Texas City Refinery (Bay Plant) | R25: =C25/4 -> 40.207143 | S25: =D25/4 -> 12.371429 | T25: =E25/4 -> 0 | U25: =F25/4 -> 0 | V25: =G25/4 -> 0 | W25: =H25/4 -> 0 | X25: 0 | Y25: 0 | Z25: =I25/4 -> 0 | AA25: =J25/4 -> 0 | AB25: =K25/4 -> 0 | AC25: =L25/4 -> 0
B26: Phillips 66 | D26: 9 | E26: 157.5 | F26: 22.5 | I26: 76.56 | J26: 107.184 | K26: 45.936 | M26: 418.68 | Q26: Phillips 66 | R26: =C26/4 -> 0 | S26: =D26/4 -> 2.25 | T26: =E26/4 -> 39.375 | U26: =F26/4 -> 5.625 | V26: =G26/4 -> 0 | W26: =H26/4 -> 0 | X26: 0 | Y26: 0 | Z26: =I26/4 -> 19.14 | AA26: =J26/4 -> 26.796 | AB26: =K26/4 -> 11.484 | AC26: =L26/4 -> 0
B27: Lake Charles Refinery (Phillips 66) | I27: 76.56 | J27: 107.184 | K27: 45.936 | M27: 229.68 | Q27: Lake Charles Refinery (Phillips 66) | R27: =C27/4 -> 0 | S27: =D27/4 -> 0 | T27: =E27/4 -> 0 | U27: =F27/4 -> 0 | V27: =G27/4 -> 0 | W27: =H27/4 -> 0 | X27: 0 | Y27: 0 | Z27: =I27/4 -> 19.14 | AA27: =J27/4 -> 26.796 | AB27: =K27/4 -> 11.484 | AC27: =L27/4 -> 0
B28: Sweeny Refinery | D28: 9 | E28: 157.5 | F28: 22.5 | M28: 189 | Q28: Sweeny Refinery | R28: =C28/4 -> 0 | S28: =D28/4 -> 2.25 | T28: =E28/4 -> 39.375 | U28: =F28/4 -> 5.625 | V28: =G28/4 -> 0 | W28: =H28/4 -> 0 | X28: 0 | Y28: 0 | Z28: =I28/4 -> 0 | AA28: =J28/4 -> 0 | AB28: =K28/4 -> 0 | AC28: =L28/4 -> 0
B29: Valero Refining Company | C29: 374.16 | D29: 319.51714 | E29: 51.04 | I29: 19.794286 | J29: 277.12 | K29: 98.971429 | L29: 26.725714 | M29: 1167.3286 | Q29: Valero Refining Company | R29: =C29/4 -> 93.54 | S29: =D29/4 -> 79.879286 | T29: =E29/4 -> 12.76 | U29: =F29/4 -> 0 | V29: =G29/4 -> 0 | W29: =H29/4 -> 0 | X29: 0 | Y29: 0 | Z29: =I29/4 -> 4.9485714 | AA29: =J29/4 -> 69.28 | AB29: =K29/4 -> 24.742857 | AC29: =L29/4 -> 6.6814286
B30: McKee Refinery | I30: 19.794286 | J30: 277.12 | K30: 98.971429 | M30: 395.88571 | Q30: McKee Refinery | R30: =C30/4 -> 0 | S30: =D30/4 -> 0 | T30: =E30/4 -> 0 | U30: =F30/4 -> 0 | V30: =G30/4 -> 0 | W30: =H30/4 -> 0 | X30: 0 | Y30: 0 | Z30: =I30/4 -> 4.9485714 | AA30: =J30/4 -> 69.28 | AB30: =K30/4 -> 24.742857 | AC30: =L30/4 -> 0
B31: Port Arthur Refinery (Valero) | C31: 170 | D31: 115.35714 | L31: 12.142857 | M31: 297.5 | Q31: Port Arthur Refinery (Valero) | R31: =C31/4 -> 42.5 | S31: =D31/4 -> 28.839286 | T31: =E31/4 -> 0 | U31: =F31/4 -> 0 | V31: =G31/4 -> 0 | W31: =H31/4 -> 0 | X31: 0 | Y31: 0 | Z31: =I31/4 -> 0 | AA31: =J31/4 -> 0 | AB31: =K31/4 -> 0 | AC31: =L31/4 -> 3.0357143
B32: Texas City Refinery | C32: 204.16 | D32: 204.16 | E32: 51.04 | L32: 14.582857 | M32: 473.94286 | Q32: Texas City Refinery | R32: =C32/4 -> 51.04 | S32: =D32/4 -> 51.04 | T32: =E32/4 -> 12.76 | U32: =F32/4 -> 0 | V32: =G32/4 -> 0 | W32: =H32/4 -> 0 | X32: 0 | Y32: 0 | Z32: =I32/4 -> 0 | AA32: =J32/4 -> 0 | AB32: =K32/4 -> 0 | AC32: =L32/4 -> 3.6457143
B33: Vertex Energy | I33: 3.2785714 | J33: 45.9 | K33: 8.1964286 | M33: 57.375 | Q33: Vertex Energy | R33: =C33/4 -> 0 | S33: =D33/4 -> 0 | T33: =E33/4 -> 0 | U33: =F33/4 -> 0 | V33: =G33/4 -> 0 | W33: =H33/4 -> 0 | X33: 0 | Y33: 0 | Z33: =I33/4 -> 0.81964286 | AA33: =J33/4 -> 11.475 | AB33: =K33/4 -> 2.0491071 | AC33: =L33/4 -> 0
B34: Mobile Refinery (Vertex) | I34: 3.2785714 | J34: 45.9 | K34: 8.1964286 | M34: 57.375 | Q34: Mobile Refinery (Vertex) | X34: 0 | Y34: 0
B35: Grand Total | C35: 1365.1843 | D35: 1292.4986 | E35: 600.68 | F35: 163.5 | G35: 86.4 | H35: 43.2 | I35: 399.15786 | J35: 957.14971 | K35: 274.56529 | L35: 69.722857 | M35: 5252.0586 | O35: ‘24 Planned vs '22 & '23 Planned & Unplanned | Q35: 2026 Plan
Q37: 2024 Plan | R37: 347.97645 | S37: 594.71779 | T37: 237.86139 | U37: 80.508333 | V37: 22.800161 | W37: 59.756667 | X37: 52.009677 | Y37: 102.17081 | Z37: =238.371666667333-7 -> 231.37167 | AA37: =349.070537633742-39 -> 310.07054 | AB37: =71.0011666666667-3 -> 68.001167 | AC37: 0 | AD37: =AVERAGE(R37:AC37) -> 175.60372 | AE37: =AVERAGE(Y37:AB37) -> 177.90354
Q38: 2024 Plan + Unplanned | R38: 877.8921 | S38: 1086.9943 | T38: 629.3749 | U38: 500.59283 | V38: 225.10806 | W38: 227.28417 | X38: 211.11274 | Y38: 122.99355 | Z38: 205.66433 | AA38: 381.26326 | AB38: 74.4243 | AE38: =AVERAGE(Y38:AB38) -> 196.08636
Q39: 2023 Outages | R39: 417.94819 | S39: 512.316 | T39: 415.3019 | U39: 283.595 | V39: 218.23032 | W39: 236.043 | X39: 127.59258 | Y39: 245.76065 | Z39: 323.255 | AA39: 530.40581 | AB39: 239.637 | AC39: 58.000645 | AD39: =AVERAGE(R39:AC39) -> 300.67384 | AE39: =AVERAGE(Y39:AB39) -> 334.76461
Q40: vs 2024 | R40: =(R37-R39)/R39 -> -0.16741726 | S40: =(S37-S39)/S39 -> 0.16084172 | T40: =(T37-T39)/T39 -> -0.42725668 | U40: =(U37-U39)/U39 -> -0.71611512 | V40: =(V37-V39)/V39 -> -0.89552249 | W40: =(W37-W39)/W39 -> -0.74683991 | X40: =(X37-X39)/X39 -> -0.59237695 | Y40: =(Y37-Y39)/Y39 -> -0.58426702 | ... AE40: =(AE37-AE39)/AE39 -> -0.46857124
Q41: 2022 Outages | R41: 373.97451 | S41: 530.57792 | T41: 279.18401 | U41: 242.63558 | V41: 221.08524 | W41: 87.443667 | X41: 50.773667 | Y41: 59.664333 | Z41: 104.03633 | AA41: 446.5262 | AB41: 226.35833 | AC41: 391.73253 | AD41: =AVERAGE(R41:AC41) -> 251.16603 | AE41: =AVERAGE(Y41:AB41) -> 209.1463
O42: ‘24 Planned vs '22 & '23 Planned ONLY | Q42: vs 2024 | R42: =(R37-R41)/R41 -> -0.069518255 | S42: =(S37-S41)/S41 -> 0.1208868 | T42: =(T37-T41)/T41 -> -0.14801212 | U42: =(U37-U41)/U41 -> -0.66819239 | V42: =(V37-V41)/V41 -> -0.89687163 | W42: =(W37-W41)/W41 -> -0.3166267 | X42: =(X37-X41)/X41 -> 0.024343539 | Y42: =(Y37-Y41)/Y41 -> 0.71242685 | ... AE42: =(AE37-AE41)/AE41 -> -0.1493823
Q43: 2024 Plan | R43: 347.97645 | S43: 594.71779 | T43: 237.86139 | U43: 80.508333 | V43: 22.800161 | W43: 59.756667 | X43: 52.009677 | Y43: 102.17081 | Z43: =238.371666667333-7 -> 231.37167 | AA43: =349.070537633742-39 -> 310.07054 | AB43: =71.0011666666667-3 -> 68.001167 | AC43: 0 | AD43: =AVERAGE(R43:AC43) -> 175.60372 | AE43: =AVERAGE(Y43:AB43) -> 177.90354
Q44: 2023 Outages | R44: 238.07847 | S44: 467.7776 | T44: 370.22563 | U44: 218.85433 | V44: 116.55783 | W44: 63.005667 | X44: 1.7406667 | Y44: 63.729 | Z44: 165.49833 | AA44: 445.019 | AB44: 196.645 | AC44: 29.198333 | AD44: =AVERAGE(R44:AC44) -> 198.02749 | AE44: =AVERAGE(Y44:AB44) -> 217.72283
Q45: vs 2024 | R45: =(R43-R44)/R44 -> 0.46160405 | S45: =(S43-S44)/S44 -> 0.27136867 | T45: =(T43-T44)/T44 -> -0.35752317 | U45: =(U43-U44)/U44 -> -0.63213736 | V45: =(V43-V44)/V44 -> -0.80438757 | W45: =(W43-W44)/W44 -> -0.05156679 | X45: =(X43-X44)/X44 -> 28.879171 | Y45: =(Y43-Y44)/Y44 -> 0.60320743 | ... AE45: =(AE43-AE44)/AE44 -> -0.18288982
Q46: 2022 Outages | R46: 166.37083 | S46: 279.693 | T46: 218.80733 | U46: 155.898 | V46: 81.371333 | W46: 2.4266667 | X46: 22.841667 | Y46: 20.173333 | Z46: 68.549667 | AA46: 391.1662 | AB46: 193.853 | AC46: 36.110333 | AD46: =AVERAGE(R46:AC46) -> 136.43845 | AE46: =AVERAGE(Y46:AB46) -> 168.43555
Q47: vs 2024 | R47: =(R43-R46)/R46 -> 1.0915712 | S47: =(S43-S46)/S46 -> 1.1263235 | T47: =(T43-T46)/T46 -> 0.087081437 | U47: =(U43-U46)/U46 -> -0.48358328 | V47: =(V43-V46)/V46 -> -0.71980106 | W47: =(W43-W46)/W46 -> 23.625 | X47: =(X43-X46)/X46 -> 1.2769651 | Y47: =(Y43-Y46)/Y46 -> 4.0646467 | ... AE47: =(AE43-AE46)/AE46 -> 0.056211378
Q48: 2024 Unplanned Outages | W48: 71 | X48: 135 | Y48: 103 | Z48: 103 | AA48: 103 | AB48: 103 | AC48: 103 | AE48: =AVERAGE(Y48:AB48) -> 103
Q49: 2023 Unplanned Outages | R49: =R39-R44 -> 179.86973 | S49: =S39-S44 -> 44.5384 | T49: =T39-T44 -> 45.07627 | U49: =U39-U44 -> 64.740667 | V49: =V39-V44 -> 101.67249 | W49: =W39-W44 -> 173.03733 | X49: =X39-X44 -> 125.85191 | Y49: =Y39-Y44 -> 182.03165 | ... AC49: =AC39-AC44 -> 28.802312 | AD49: =AVERAGE(R49:AC49) -> 102.64635 | AE49: =AVERAGE(Y49:AB49) -> 117.04178
Q50: 2022 Unplanned Outages | R50: =R41-R46 -> 207.60367 | S50: =S41-S46 -> 250.88492 | T50: =T41-T46 -> 60.376673 | U50: =U41-U46 -> 86.737583 | V50: =V41-V46 -> 139.71391 | W50: =W41-W46 -> 85.017 | X50: =X41-X46 -> 27.932 | Y50: =Y41-Y46 -> 39.491 | ... AC50: =AC41-AC46 -> 355.6222 | AD50: =AVERAGE(R50:AC50) -> 114.72758 | AE50: =AVERAGE(Y50:AB50) -> 40.71075
AD54: =AD39-AD53 -> 300.67384
